library,symbol,kind,titles,pct_of_corpus,implemented
coreinit,DCFlushRange,functions,1,100.0,yes
coreinit,DCInvalidateRange,functions,1,100.0,no
coreinit,DCStoreRange,functions,1,100.0,yes
coreinit,DCZeroRange,functions,1,100.0,no
coreinit,ENVGetEnvironmentVariable,functions,1,100.0,no
coreinit,FSAddClient,functions,1,100.0,no
coreinit,FSChangeDir,functions,1,100.0,no
coreinit,FSCloseDir,functions,1,100.0,no
coreinit,FSCloseFile,functions,1,100.0,no
coreinit,FSDelClient,functions,1,100.0,no
coreinit,FSGetLastError,functions,1,100.0,no
coreinit,FSGetLastErrorCodeForViewer,functions,1,100.0,no
coreinit,FSGetMountSource,functions,1,100.0,no
coreinit,FSGetPosFile,functions,1,100.0,no
coreinit,FSGetStatFile,functions,1,100.0,no
coreinit,FSGetVolumeState,functions,1,100.0,no
coreinit,FSInit,functions,1,100.0,no
coreinit,FSInitCmdBlock,functions,1,100.0,no
coreinit,FSMakeDir,functions,1,100.0,no
coreinit,FSMount,functions,1,100.0,no
coreinit,FSOpenDir,functions,1,100.0,no
coreinit,FSOpenFile,functions,1,100.0,no
coreinit,FSReadDir,functions,1,100.0,no
coreinit,FSReadFile,functions,1,100.0,no
coreinit,FSReadFileWithPos,functions,1,100.0,no
coreinit,FSRemove,functions,1,100.0,no
coreinit,FSRename,functions,1,100.0,no
coreinit,FSSetPosFile,functions,1,100.0,no
coreinit,FSSetStateChangeNotification,functions,1,100.0,no
coreinit,FSShutdown,functions,1,100.0,no
coreinit,FSWriteFile,functions,1,100.0,no
coreinit,LCAlloc,functions,1,100.0,no
coreinit,LCDealloc,functions,1,100.0,no
coreinit,LCDisableDMA,functions,1,100.0,no
coreinit,LCEnableDMA,functions,1,100.0,no
coreinit,LCGetMaxSize,functions,1,100.0,no
coreinit,LCGetUnallocated,functions,1,100.0,no
coreinit,LCLoadDMABlocks,functions,1,100.0,no
coreinit,LCStoreDMABlocks,functions,1,100.0,no
coreinit,LCWaitDMAQueue,functions,1,100.0,no
coreinit,MCP_Close,functions,1,100.0,no
coreinit,MCP_GetSysProdSettings,functions,1,100.0,no
coreinit,MCP_Open,functions,1,100.0,no
coreinit,MEMAllocFromDefaultHeap,data,1,100.0,no
coreinit,MEMAllocFromDefaultHeapEx,data,1,100.0,no
coreinit,MEMAllocFromExpHeapEx,functions,1,100.0,yes
coreinit,MEMAllocFromFrmHeapEx,functions,1,100.0,yes
coreinit,MEMCreateExpHeapEx,functions,1,100.0,yes
coreinit,MEMDestroyExpHeap,functions,1,100.0,yes
coreinit,MEMFreeToDefaultHeap,data,1,100.0,no
coreinit,MEMFreeToExpHeap,functions,1,100.0,yes
coreinit,MEMFreeToFrmHeap,functions,1,100.0,yes
coreinit,MEMGetAllocatableSizeForExpHeapEx,functions,1,100.0,yes
coreinit,MEMGetAllocatableSizeForFrmHeapEx,functions,1,100.0,yes
coreinit,MEMGetBaseHeapHandle,functions,1,100.0,yes
coreinit,MEMGetTotalFreeSizeForExpHeap,functions,1,100.0,yes
coreinit,OSAddAtomic64,functions,1,100.0,no
coreinit,OSAndAtomic64,functions,1,100.0,no
coreinit,OSBlockMove,functions,1,100.0,no
coreinit,OSBlockThreadsOnExit,functions,1,100.0,no
coreinit,OSCancelAlarm,functions,1,100.0,no
coreinit,OSCancelAlarms,functions,1,100.0,no
coreinit,OSCancelThread,functions,1,100.0,no
coreinit,OSCompareAndSwapAtomic64,functions,1,100.0,no
coreinit,OSCompareAndSwapAtomicEx64,functions,1,100.0,no
coreinit,OSConsoleWrite,functions,1,100.0,yes
coreinit,OSCreateAlarm,functions,1,100.0,no
coreinit,OSCreateThread,functions,1,100.0,yes
coreinit,OSDetachThread,functions,1,100.0,no
coreinit,OSDriver_Deregister,functions,1,100.0,no
coreinit,OSDriver_Register,functions,1,100.0,no
coreinit,OSDynLoad_Acquire,functions,1,100.0,no
coreinit,OSDynLoad_FindExport,functions,1,100.0,no
coreinit,OSDynLoad_GetNumberOfRPLs,functions,1,100.0,no
coreinit,OSDynLoad_GetRPLInfo,functions,1,100.0,no
coreinit,OSDynLoad_Release,functions,1,100.0,no
coreinit,OSDynLoad_SetAllocator,functions,1,100.0,no
coreinit,OSEnableHomeButtonMenu,functions,1,100.0,no
coreinit,OSGetAtomic64,functions,1,100.0,no
coreinit,OSGetCoreId,functions,1,100.0,yes
coreinit,OSGetCurrentThread,functions,1,100.0,yes
coreinit,OSGetSemaphoreCount,functions,1,100.0,no
coreinit,OSGetStackPointer,functions,1,100.0,no
coreinit,OSGetSystemInfo,functions,1,100.0,yes
coreinit,OSGetSystemMessageQueue,functions,1,100.0,no
coreinit,OSGetThreadAffinity,functions,1,100.0,yes
coreinit,OSGetThreadName,functions,1,100.0,yes
coreinit,OSGetThreadPriority,functions,1,100.0,yes
coreinit,OSGetThreadSpecific,functions,1,100.0,yes
coreinit,OSGetTick,functions,1,100.0,yes
coreinit,OSGetTime,functions,1,100.0,yes
coreinit,OSInitCond,functions,1,100.0,yes
coreinit,OSInitEvent,functions,1,100.0,no
coreinit,OSInitMutex,functions,1,100.0,yes
coreinit,OSInitSemaphore,functions,1,100.0,no
coreinit,OSInitSpinLock,functions,1,100.0,no
coreinit,OSIsDebuggerInitialized,functions,1,100.0,no
coreinit,OSIsDebuggerPresent,functions,1,100.0,no
coreinit,OSIsThreadTerminated,functions,1,100.0,no
coreinit,OSJoinThread,functions,1,100.0,yes
coreinit,OSLockMutex,functions,1,100.0,yes
coreinit,OSMemoryBarrier,functions,1,100.0,no
coreinit,OSOrAtomic64,functions,1,100.0,no
coreinit,OSPanic,functions,1,100.0,no
coreinit,OSReceiveMessage,functions,1,100.0,no
coreinit,OSReleaseForeground,functions,1,100.0,no
coreinit,OSReleaseSpinLock,functions,1,100.0,no
coreinit,OSReport,functions,1,100.0,yes
coreinit,OSResetEvent,functions,1,100.0,no
coreinit,OSResumeThread,functions,1,100.0,yes
coreinit,OSSavesDone_ReadyToRelease,functions,1,100.0,yes
coreinit,OSSetAlarm,functions,1,100.0,no
coreinit,OSSetExceptionCallback,functions,1,100.0,no
coreinit,OSSetPeriodicAlarm,functions,1,100.0,no
coreinit,OSSetThreadAffinity,functions,1,100.0,yes
coreinit,OSSetThreadName,functions,1,100.0,yes
coreinit,OSSetThreadPriority,functions,1,100.0,yes
coreinit,OSSetThreadSpecific,functions,1,100.0,yes
coreinit,OSSignalCond,functions,1,100.0,yes
coreinit,OSSignalEvent,functions,1,100.0,no
coreinit,OSSignalSemaphore,functions,1,100.0,no
coreinit,OSSleepTicks,functions,1,100.0,yes
coreinit,OSSwapAtomic64,functions,1,100.0,no
coreinit,OSTestThreadCancel,functions,1,100.0,no
coreinit,OSTryAcquireSpinLockWithTimeout,functions,1,100.0,no
coreinit,OSTryLockMutex,functions,1,100.0,yes
coreinit,OSTryWaitSemaphore,functions,1,100.0,no
coreinit,OSUnlockMutex,functions,1,100.0,yes
coreinit,OSWaitCond,functions,1,100.0,yes
coreinit,OSWaitEvent,functions,1,100.0,no
coreinit,OSWaitEventWithTimeout,functions,1,100.0,no
coreinit,OSWaitSemaphore,functions,1,100.0,no
coreinit,OSYieldThread,functions,1,100.0,no
coreinit,PPCSync,functions,1,100.0,no
coreinit,UCClose,functions,1,100.0,no
coreinit,UCDeleteSysConfig,functions,1,100.0,no
coreinit,UCOpen,functions,1,100.0,no
coreinit,UCReadSysConfig,functions,1,100.0,no
coreinit,UCWriteSysConfig,functions,1,100.0,no
coreinit,_Exit,functions,1,100.0,yes
coreinit,__atexit_cleanup,data,1,100.0,no
coreinit,__cpp_exception_cleanup_ptr,data,1,100.0,no
coreinit,__cpp_exception_init_ptr,data,1,100.0,no
coreinit,__gh_FOPEN_MAX,data,1,100.0,no
coreinit,__gh_errno_ptr,functions,1,100.0,no
coreinit,__gh_get_errno,functions,1,100.0,no
coreinit,__gh_set_errno,functions,1,100.0,no
coreinit,__ghsLock,functions,1,100.0,no
coreinit,__ghsUnlock,functions,1,100.0,no
coreinit,__ghs_flock_create,functions,1,100.0,no
coreinit,__ghs_flock_destroy,functions,1,100.0,no
coreinit,__ghs_flock_file,functions,1,100.0,no
coreinit,__ghs_flock_ptr,functions,1,100.0,no
coreinit,__ghs_ftrylock_file,functions,1,100.0,no
coreinit,__ghs_funlock_file,functions,1,100.0,no
coreinit,__stdio_cleanup,data,1,100.0,no
coreinit,_iob,data,1,100.0,no
coreinit,environ,data,1,100.0,no
coreinit,exit,functions,1,100.0,yes
coreinit,memcpy,functions,1,100.0,yes
coreinit,memmove,functions,1,100.0,yes
coreinit,memset,functions,1,100.0,yes
dmae.rpl,DMAECopyMem,functions,1,100.0,no
dmae.rpl,DMAEFillMem,functions,1,100.0,no
gx2,GX2AllocateTilingApertureEx,functions,1,100.0,no
gx2,GX2BeginDisplayListEx,functions,1,100.0,no
gx2,GX2CalcColorBufferAuxInfo,functions,1,100.0,no
gx2,GX2CalcDRCSize,functions,1,100.0,no
gx2,GX2CalcDepthBufferHiZInfo,functions,1,100.0,no
gx2,GX2CalcFetchShaderSizeEx,functions,1,100.0,no
gx2,GX2CalcSurfaceSizeAndAlignment,functions,1,100.0,no
gx2,GX2CalcTVSize,functions,1,100.0,no
gx2,GX2CallDisplayList,functions,1,100.0,no
gx2,GX2ClearColor,functions,1,100.0,no
gx2,GX2ClearDepthStencilEx,functions,1,100.0,no
gx2,GX2ConvertDepthBufferToTextureSurface,functions,1,100.0,no
gx2,GX2CopyColorBufferToScanBuffer,functions,1,100.0,no
gx2,GX2CopyDisplayList,functions,1,100.0,no
gx2,GX2DrawEx,functions,1,100.0,no
gx2,GX2DrawIndexedEx,functions,1,100.0,no
gx2,GX2DrawIndexedImmediateEx,functions,1,100.0,no
gx2,GX2EndDisplayList,functions,1,100.0,no
gx2,GX2Flush,functions,1,100.0,no
gx2,GX2FreeTilingAperture,functions,1,100.0,no
gx2,GX2GetLastSubmittedTimeStamp,functions,1,100.0,no
gx2,GX2GetRetiredTimeStamp,functions,1,100.0,no
gx2,GX2GetSurfaceFormatBits,functions,1,100.0,no
gx2,GX2GetSwapStatus,functions,1,100.0,no
gx2,GX2GetSystemTVAspectRatio,functions,1,100.0,no
gx2,GX2GetSystemTVScanMode,functions,1,100.0,no
gx2,GX2Init,functions,1,100.0,no
gx2,GX2InitColorBufferRegs,functions,1,100.0,no
gx2,GX2InitDepthBufferHiZEnable,functions,1,100.0,no
gx2,GX2InitDepthBufferRegs,functions,1,100.0,no
gx2,GX2InitFetchShaderEx,functions,1,100.0,no
gx2,GX2InitSampler,functions,1,100.0,no
gx2,GX2InitSamplerClamping,functions,1,100.0,no
gx2,GX2InitSamplerDepthCompare,functions,1,100.0,no
gx2,GX2InitSamplerFilterAdjust,functions,1,100.0,no
gx2,GX2InitSamplerXYFilter,functions,1,100.0,no
gx2,GX2InitSamplerZMFilter,functions,1,100.0,no
gx2,GX2InitTextureRegs,functions,1,100.0,no
gx2,GX2Invalidate,functions,1,100.0,no
gx2,GX2QueryBegin,functions,1,100.0,no
gx2,GX2QueryEnd,functions,1,100.0,no
gx2,GX2QueryGetOcclusionResult,functions,1,100.0,no
gx2,GX2RCreateBufferUserMemory,functions,1,100.0,no
gx2,GX2RDestroyBufferEx,functions,1,100.0,no
gx2,GX2RInvalidateBuffer,functions,1,100.0,no
gx2,GX2RSetStreamOutBuffer,functions,1,100.0,no
gx2,GX2ResolveAAColorBuffer,functions,1,100.0,no
gx2,GX2SampleBottomGPUCycle,functions,1,100.0,no
gx2,GX2SaveStreamOutContext,functions,1,100.0,no
gx2,GX2SetAlphaTest,functions,1,100.0,no
gx2,GX2SetAlphaToMask,functions,1,100.0,no
gx2,GX2SetAttribBuffer,functions,1,100.0,no
gx2,GX2SetBlendConstantColor,functions,1,100.0,no
gx2,GX2SetBlendControl,functions,1,100.0,no
gx2,GX2SetClearDepthStencil,functions,1,100.0,no
gx2,GX2SetColorBuffer,functions,1,100.0,no
gx2,GX2SetColorControl,functions,1,100.0,no
gx2,GX2SetContextState,functions,1,100.0,no
gx2,GX2SetDRCBuffer,functions,1,100.0,no
gx2,GX2SetDRCEnable,functions,1,100.0,no
gx2,GX2SetDRCScale,functions,1,100.0,no
gx2,GX2SetDepthBuffer,functions,1,100.0,no
gx2,GX2SetDepthOnlyControl,functions,1,100.0,no
gx2,GX2SetDepthStencilControl,functions,1,100.0,no
gx2,GX2SetEventCallback,functions,1,100.0,no
gx2,GX2SetFetchShader,functions,1,100.0,no
gx2,GX2SetGPUFence,functions,1,100.0,no
gx2,GX2SetLineWidth,functions,1,100.0,no
gx2,GX2SetMaxTessellationLevel,functions,1,100.0,no
gx2,GX2SetMinTessellationLevel,functions,1,100.0,no
gx2,GX2SetPixelSampler,functions,1,100.0,no
gx2,GX2SetPixelShader,functions,1,100.0,no
gx2,GX2SetPixelTexture,functions,1,100.0,no
gx2,GX2SetPixelUniformReg,functions,1,100.0,no
gx2,GX2SetPointLimits,functions,1,100.0,no
gx2,GX2SetPointSize,functions,1,100.0,no
gx2,GX2SetPolygonControl,functions,1,100.0,no
gx2,GX2SetPolygonOffset,functions,1,100.0,no
gx2,GX2SetPrimitiveRestartIndex,functions,1,100.0,no
gx2,GX2SetRasterizerClipControl,functions,1,100.0,no
gx2,GX2SetScissor,functions,1,100.0,no
gx2,GX2SetShaderModeEx,functions,1,100.0,no
gx2,GX2SetStencilMask,functions,1,100.0,no
gx2,GX2SetStreamOutContext,functions,1,100.0,no
gx2,GX2SetStreamOutEnable,functions,1,100.0,no
gx2,GX2SetTVBuffer,functions,1,100.0,no
gx2,GX2SetTVEnable,functions,1,100.0,no
gx2,GX2SetTVGamma,functions,1,100.0,no
gx2,GX2SetTVScale,functions,1,100.0,no
gx2,GX2SetTargetChannelMasks,functions,1,100.0,no
gx2,GX2SetTessellation,functions,1,100.0,no
gx2,GX2SetVerifyCallback,functions,1,100.0,no
gx2,GX2SetVerifyLevel,functions,1,100.0,no
gx2,GX2SetVertexSampler,functions,1,100.0,no
gx2,GX2SetVertexShader,functions,1,100.0,no
gx2,GX2SetVertexTexture,functions,1,100.0,no
gx2,GX2SetVertexUniformReg,functions,1,100.0,no
gx2,GX2SetViewport,functions,1,100.0,no
gx2,GX2SetupContextStateEx,functions,1,100.0,no
gx2,GX2SubmitUserTimeStamp,functions,1,100.0,no
gx2,GX2SwapScanBuffers,functions,1,100.0,no
gx2,GX2WaitForFlip,functions,1,100.0,no
mic.rpl,MICClose,functions,1,100.0,no
mic.rpl,MICGetStatus,functions,1,100.0,no
mic.rpl,MICInit,functions,1,100.0,no
mic.rpl,MICOpen,functions,1,100.0,no
mic.rpl,MICSetDataConsumed,functions,1,100.0,no
mic.rpl,MICSetState,functions,1,100.0,no
mic.rpl,MICUninit,functions,1,100.0,no
nlibcurl.rpl,curl_easy_cleanup,functions,1,100.0,no
nlibcurl.rpl,curl_easy_getinfo,functions,1,100.0,no
nlibcurl.rpl,curl_easy_init,functions,1,100.0,no
nlibcurl.rpl,curl_easy_setopt,functions,1,100.0,no
nlibcurl.rpl,curl_easy_strerror,functions,1,100.0,no
nlibcurl.rpl,curl_global_cleanup,functions,1,100.0,no
nlibcurl.rpl,curl_global_init_mem,functions,1,100.0,no
nlibcurl.rpl,curl_multi_add_handle,functions,1,100.0,no
nlibcurl.rpl,curl_multi_cleanup,functions,1,100.0,no
nlibcurl.rpl,curl_multi_info_read,functions,1,100.0,no
nlibcurl.rpl,curl_multi_init,functions,1,100.0,no
nlibcurl.rpl,curl_multi_perform,functions,1,100.0,no
nlibcurl.rpl,curl_multi_remove_handle,functions,1,100.0,no
nlibcurl.rpl,curl_slist_append,functions,1,100.0,no
nlibcurl.rpl,curl_slist_free_all,functions,1,100.0,no
nlibcurl.rpl,curl_version_info,functions,1,100.0,no
nn_ac,ACConnectAsync,functions,1,100.0,no
nn_ac,ACFinalize,functions,1,100.0,no
nn_ac,ACGetAssignedAddress,functions,1,100.0,no
nn_ac,ACGetLastErrorCode,functions,1,100.0,no
nn_ac,ACGetStatus,functions,1,100.0,no
nn_ac,ACInitialize,functions,1,100.0,no
nn_ac,ACIsFailure,functions,1,100.0,no
nn_ac,ACIsSuccess,functions,1,100.0,no
nn_ac,ConnectAsync__Q2_2nn2acFv,functions,1,100.0,no
nn_ac,Initialize__Q2_2nn2acFv,functions,1,100.0,no
nn_act,AcquireIndependentServiceToken__Q2_2nn3actFPcPCc,functions,1,100.0,no
nn_act,GetAccountIdEx__Q2_2nn3actFPcUc,functions,1,100.0,no
nn_act,GetAccountId__Q2_2nn3actFPc,functions,1,100.0,no
nn_act,GetCountry__Q2_2nn3actFPc,functions,1,100.0,no
nn_act,GetErrorCode__Q2_2nn3actFRCQ2_2nn6Result,functions,1,100.0,no
nn_act,GetParentalControlSlotNoEx__Q2_2nn3actFPUcUc,functions,1,100.0,no
nn_act,GetPrincipalIdEx__Q2_2nn3actFPUiUc,functions,1,100.0,no
nn_act,GetPrincipalId__Q2_2nn3actFv,functions,1,100.0,no
nn_act,GetSlotNo__Q2_2nn3actFv,functions,1,100.0,no
nn_act,GetTransferableIdEx__Q2_2nn3actFPULUiUc,functions,1,100.0,no
nn_act,Initialize__Q2_2nn3actFv,functions,1,100.0,no
nn_act,IsNetworkAccountEx__Q2_2nn3actFUc,functions,1,100.0,no
nn_act,IsNetworkAccount__Q2_2nn3actFv,functions,1,100.0,no
nn_act,IsSlotOccupied__Q2_2nn3actFUc,functions,1,100.0,no
nn_fp,AddFriendAsync__Q2_2nn2fpFPCcPFQ2_2nn6ResultPv_vPv,functions,1,100.0,no
nn_fp,AddFriendAsync__Q2_2nn2fpFUiPFQ2_2nn6ResultPv_vPv,functions,1,100.0,no
nn_fp,AddFriendRequestAsync__Q2_2nn2fpFUiUcPCwT2T3PFQ2_2nn6ResultPv_vPv,functions,1,100.0,no
nn_fp,Finalize__Q2_2nn2fpFv,functions,1,100.0,no
nn_fp,GetFriendAccountId__Q2_2nn2fpFPA17_cPCUiUi,functions,1,100.0,no
nn_fp,GetFriendListAll__Q2_2nn2fpFPUiT1UiT3,functions,1,100.0,no
nn_fp,GetFriendPresence__Q2_2nn2fpFPQ3_2nn2fp14FriendPresencePCUiUi,functions,1,100.0,no
nn_fp,GetFriendRelationship__Q2_2nn2fpFPUcPCUiUi,functions,1,100.0,no
nn_fp,GetFriendRequestAccountId__Q2_2nn2fpFPA17_cPCUiUi,functions,1,100.0,no
nn_fp,GetFriendRequestList__Q2_2nn2fpFPUiT1UiT3,functions,1,100.0,no
nn_fp,HasLoggedIn__Q2_2nn2fpFv,functions,1,100.0,no
nn_fp,Initialize__Q2_2nn2fpFv,functions,1,100.0,no
nn_fp,IsInitialized__Q2_2nn2fpFv,functions,1,100.0,no
nn_fp,LoginAsync__Q2_2nn2fpFPFQ2_2nn6ResultPv_vPv,functions,1,100.0,no
nn_fp,Logout__Q2_2nn2fpFv,functions,1,100.0,no
nn_fp,ResultToErrorCode__Q2_2nn2fpFQ2_2nn6Result,functions,1,100.0,no
nn_fp,SetNotificationHandler__Q2_2nn2fpFUiPFQ3_2nn2fp16NotificationTypeUiPv_vPv,functions,1,100.0,no
nn_fp,UpdateGameMode__Q2_2nn2fpFPCQ3_2nn2fp8GameModePCw,functions,1,100.0,no
nn_ndm,EnableHomeButtonMenuAndBgProcess__Q2_2nn3ndmFi,functions,1,100.0,no
nn_save,SAVEFlushQuota,functions,1,100.0,no
nn_save,SAVEInit,functions,1,100.0,no
nn_save,SAVEInitSaveDir,functions,1,100.0,no
nn_save,SAVEOpenFile,functions,1,100.0,no
nn_save,SAVERemove,functions,1,100.0,no
nsysnet.rpl,NSSLCreateContext,functions,1,100.0,no
nsysnet.rpl,NSSLDestroyContext,functions,1,100.0,no
nsysnet.rpl,NSSLFinish,functions,1,100.0,no
nsysnet.rpl,NSSLInit,functions,1,100.0,no
nsysnet.rpl,accept,functions,1,100.0,no
nsysnet.rpl,bind,functions,1,100.0,no
nsysnet.rpl,connect,functions,1,100.0,no
nsysnet.rpl,gethostbyname,functions,1,100.0,no
nsysnet.rpl,htonl,functions,1,100.0,no
nsysnet.rpl,htons,functions,1,100.0,no
nsysnet.rpl,inet_aton,functions,1,100.0,no
nsysnet.rpl,inet_ntoa,functions,1,100.0,no
nsysnet.rpl,listen,functions,1,100.0,no
nsysnet.rpl,ntohl,functions,1,100.0,no
nsysnet.rpl,ntohs,functions,1,100.0,no
nsysnet.rpl,recv,functions,1,100.0,no
nsysnet.rpl,recvfrom,functions,1,100.0,no
nsysnet.rpl,select,functions,1,100.0,no
nsysnet.rpl,send,functions,1,100.0,no
nsysnet.rpl,sendto,functions,1,100.0,no
nsysnet.rpl,set_resolver_allocator,functions,1,100.0,no
nsysnet.rpl,setsockopt,functions,1,100.0,no
nsysnet.rpl,shutdown,functions,1,100.0,no
nsysnet.rpl,socket,functions,1,100.0,no
nsysnet.rpl,socket_lib_finish,functions,1,100.0,no
nsysnet.rpl,socket_lib_init,functions,1,100.0,no
nsysnet.rpl,socketclose,functions,1,100.0,no
nsysnet.rpl,socketlasterr,functions,1,100.0,no
padscore,KPADDisableAimingMode,functions,1,100.0,no
padscore,KPADDisableDPD,functions,1,100.0,no
padscore,KPADEnableAimingMode,functions,1,100.0,no
padscore,KPADEnableDPD,functions,1,100.0,no
padscore,KPADGetUnifiedWpadStatus,functions,1,100.0,no
padscore,KPADInit,functions,1,100.0,no
padscore,KPADReadEx,functions,1,100.0,no
padscore,KPADReset,functions,1,100.0,no
padscore,KPADSetAccParam,functions,1,100.0,no
padscore,KPADSetAccPlayMode,functions,1,100.0,no
padscore,KPADSetDistParam,functions,1,100.0,no
padscore,KPADSetDistPlayMode,functions,1,100.0,no
padscore,KPADSetHoriParam,functions,1,100.0,no
padscore,KPADSetHoriPlayMode,functions,1,100.0,no
padscore,KPADSetPosParam,functions,1,100.0,no
padscore,KPADSetPosPlayMode,functions,1,100.0,no
padscore,WENCGetEncodeData,functions,1,100.0,no
padscore,WPADControlMotor,functions,1,100.0,no
padscore,WPADControlSpeaker,functions,1,100.0,no
padscore,WPADDisconnect,functions,1,100.0,no
padscore,WPADEnableURCC,functions,1,100.0,no
padscore,WPADRegisterAllocator,functions,1,100.0,no
padscore,WPADSendStreamData,functions,1,100.0,no
padscore,WPADSetAutoSleepTime,functions,1,100.0,no
padscore,WPADSetSensorBar,functions,1,100.0,no
snd_core.rpl,AXAcquireVoice,functions,1,100.0,no
snd_core.rpl,AXCheckVoiceOffsets,functions,1,100.0,no
snd_core.rpl,AXFreeVoice,functions,1,100.0,no
snd_core.rpl,AXGetDeviceMode,functions,1,100.0,no
snd_core.rpl,AXGetSwapProfile,functions,1,100.0,no
snd_core.rpl,AXGetVoiceLoopCount,functions,1,100.0,no
snd_core.rpl,AXGetVoiceOffsets,functions,1,100.0,no
snd_core.rpl,AXInit,functions,1,100.0,no
snd_core.rpl,AXInitProfile,functions,1,100.0,no
snd_core.rpl,AXIsInit,functions,1,100.0,no
snd_core.rpl,AXIsVoiceRunning,functions,1,100.0,no
snd_core.rpl,AXQuit,functions,1,100.0,no
snd_core.rpl,AXRegisterAuxCallback,functions,1,100.0,no
snd_core.rpl,AXRegisterDeviceFinalMixCallback,functions,1,100.0,no
snd_core.rpl,AXRegisterFrameCallback,functions,1,100.0,no
snd_core.rpl,AXRmtAdvancePtr,functions,1,100.0,no
snd_core.rpl,AXRmtGetSamples,functions,1,100.0,no
snd_core.rpl,AXRmtGetSamplesLeft,functions,1,100.0,no
snd_core.rpl,AXSetAuxReturnVolume,functions,1,100.0,no
snd_core.rpl,AXSetDRCVSMode,functions,1,100.0,no
snd_core.rpl,AXSetDeviceUpsampleStage,functions,1,100.0,no
snd_core.rpl,AXSetDeviceVolume,functions,1,100.0,no
snd_core.rpl,AXSetDspLoadLimit,functions,1,100.0,no
snd_core.rpl,AXSetPpcLoadLimit,functions,1,100.0,no
snd_core.rpl,AXSetVoiceAdpcm,functions,1,100.0,no
snd_core.rpl,AXSetVoiceAdpcmLoop,functions,1,100.0,no
snd_core.rpl,AXSetVoiceCurrentOffset,functions,1,100.0,no
snd_core.rpl,AXSetVoiceDeviceMix,functions,1,100.0,no
snd_core.rpl,AXSetVoiceEndOffset,functions,1,100.0,no
snd_core.rpl,AXSetVoiceLoop,functions,1,100.0,no
snd_core.rpl,AXSetVoiceLoopOffset,functions,1,100.0,no
snd_core.rpl,AXSetVoiceLpf,functions,1,100.0,no
snd_core.rpl,AXSetVoiceLpfCoefs,functions,1,100.0,no
snd_core.rpl,AXSetVoiceOffsets,functions,1,100.0,no
snd_core.rpl,AXSetVoicePriority,functions,1,100.0,no
snd_core.rpl,AXSetVoiceRmtOn,functions,1,100.0,no
snd_core.rpl,AXSetVoiceSrc,functions,1,100.0,no
snd_core.rpl,AXSetVoiceSrcRatio,functions,1,100.0,no
snd_core.rpl,AXSetVoiceSrcType,functions,1,100.0,no
snd_core.rpl,AXSetVoiceState,functions,1,100.0,no
snd_core.rpl,AXSetVoiceType,functions,1,100.0,no
snd_core.rpl,AXSetVoiceVe,functions,1,100.0,no
sysapp,SYSRelaunchTitle,functions,1,100.0,no
t6_cafef_launcher.rpx,gGameMain,data,1,100.0,no
vpad.rpl,VPADControlMotor,functions,1,100.0,no
vpad.rpl,VPADGetTPCalibratedPoint,functions,1,100.0,no
vpad.rpl,VPADInit,functions,1,100.0,no
vpad.rpl,VPADRead,functions,1,100.0,no
vpad.rpl,VPADSetSensorBar,functions,1,100.0,no
vpad.rpl,VPADStopMotor,functions,1,100.0,no
