title,library,symbol,kind
crispy-doom-u,coreinit,DCFlushRange,functions
crispy-doom-u,coreinit,DCStoreRange,functions
crispy-doom-u,coreinit,FSAAddClient,functions
crispy-doom-u,coreinit,FSAChangeDir,functions
crispy-doom-u,coreinit,FSAChangeMode,functions
crispy-doom-u,coreinit,FSACloseDir,functions
crispy-doom-u,coreinit,FSACloseFile,functions
crispy-doom-u,coreinit,FSADelClient,functions
crispy-doom-u,coreinit,FSAFlushFile,functions
crispy-doom-u,coreinit,FSAGetDeviceInfo,functions
crispy-doom-u,coreinit,FSAGetFreeSpaceSize,functions
crispy-doom-u,coreinit,FSAGetStat,functions
crispy-doom-u,coreinit,FSAGetStatFile,functions
crispy-doom-u,coreinit,FSAInit,functions
crispy-doom-u,coreinit,FSAMakeDir,functions
crispy-doom-u,coreinit,FSAMount,functions
crispy-doom-u,coreinit,FSAOpenDir,functions
crispy-doom-u,coreinit,FSAOpenFileEx,functions
crispy-doom-u,coreinit,FSAReadDir,functions
crispy-doom-u,coreinit,FSAReadFile,functions
crispy-doom-u,coreinit,FSARemove,functions
crispy-doom-u,coreinit,FSARename,functions
crispy-doom-u,coreinit,FSARewindDir,functions
crispy-doom-u,coreinit,FSASetPosFile,functions
crispy-doom-u,coreinit,FSATruncateFile,functions
crispy-doom-u,coreinit,FSAUnmount,functions
crispy-doom-u,coreinit,FSAWriteFile,functions
crispy-doom-u,coreinit,MEMAllocFromDefaultHeap,data
crispy-doom-u,coreinit,MEMAllocFromDefaultHeapEx,data
crispy-doom-u,coreinit,MEMAllocFromExpHeapEx,functions
crispy-doom-u,coreinit,MEMAllocFromFrmHeapEx,functions
crispy-doom-u,coreinit,MEMCreateExpHeapEx,functions
crispy-doom-u,coreinit,MEMDestroyExpHeap,functions
crispy-doom-u,coreinit,MEMFreeByStateToFrmHeap,functions
crispy-doom-u,coreinit,MEMFreeToDefaultHeap,data
crispy-doom-u,coreinit,MEMFreeToExpHeap,functions
crispy-doom-u,coreinit,MEMFreeToFrmHeap,functions
crispy-doom-u,coreinit,MEMGetAllocatableSizeForExpHeapEx,functions
crispy-doom-u,coreinit,MEMGetAllocatableSizeForFrmHeapEx,functions
crispy-doom-u,coreinit,MEMGetBaseHeapHandle,functions
crispy-doom-u,coreinit,MEMRecordStateForFrmHeap,functions
crispy-doom-u,coreinit,OSAddAtomic,functions
crispy-doom-u,coreinit,OSCancelAlarm,functions
crispy-doom-u,coreinit,OSCompareAndSwapAtomic,functions
crispy-doom-u,coreinit,OSCompareAndSwapAtomicEx,functions
crispy-doom-u,coreinit,OSCreateAlarm,functions
crispy-doom-u,coreinit,OSCreateThread,functions
crispy-doom-u,coreinit,OSEffectiveToPhysical,functions
crispy-doom-u,coreinit,OSEnableHomeButtonMenu,functions
crispy-doom-u,coreinit,OSFatal,functions
crispy-doom-u,coreinit,OSGetAlarmUserData,functions
crispy-doom-u,coreinit,OSGetCoreId,functions
crispy-doom-u,coreinit,OSGetCurrentThread,functions
crispy-doom-u,coreinit,OSGetSystemInfo,functions
crispy-doom-u,coreinit,OSGetSystemTime,functions
crispy-doom-u,coreinit,OSGetThreadAffinity,functions
crispy-doom-u,coreinit,OSGetThreadPriority,functions
crispy-doom-u,coreinit,OSGetThreadSpecific,functions
crispy-doom-u,coreinit,OSGetTime,functions
crispy-doom-u,coreinit,OSGetTitleID,functions
crispy-doom-u,coreinit,OSInitCond,functions
crispy-doom-u,coreinit,OSInitMutex,functions
crispy-doom-u,coreinit,OSInitMutexEx,functions
crispy-doom-u,coreinit,OSInitSemaphore,functions
crispy-doom-u,coreinit,OSInitSpinLock,functions
crispy-doom-u,coreinit,OSIsDebuggerInitialized,functions
crispy-doom-u,coreinit,OSIsDebuggerPresent,functions
crispy-doom-u,coreinit,OSJoinThread,functions
crispy-doom-u,coreinit,OSLockMutex,functions
crispy-doom-u,coreinit,OSMemoryBarrier,functions
crispy-doom-u,coreinit,OSReport,functions
crispy-doom-u,coreinit,OSResumeThread,functions
crispy-doom-u,coreinit,OSSavesDone_ReadyToRelease,functions
crispy-doom-u,coreinit,OSScreenClearBufferEx,functions
crispy-doom-u,coreinit,OSScreenEnableEx,functions
crispy-doom-u,coreinit,OSScreenFlipBuffersEx,functions
crispy-doom-u,coreinit,OSScreenGetBufferSizeEx,functions
crispy-doom-u,coreinit,OSScreenInit,functions
crispy-doom-u,coreinit,OSScreenPutFontEx,functions
crispy-doom-u,coreinit,OSScreenSetBufferEx,functions
crispy-doom-u,coreinit,OSScreenShutdown,functions
crispy-doom-u,coreinit,OSSetAlarm,functions
crispy-doom-u,coreinit,OSSetAlarmUserData,functions
crispy-doom-u,coreinit,OSSetThreadAffinity,functions
crispy-doom-u,coreinit,OSSetThreadCleanupCallback,functions
crispy-doom-u,coreinit,OSSetThreadDeallocator,functions
crispy-doom-u,coreinit,OSSetThreadName,functions
crispy-doom-u,coreinit,OSSetThreadPriority,functions
crispy-doom-u,coreinit,OSSetThreadSpecific,functions
crispy-doom-u,coreinit,OSSignalCond,functions
crispy-doom-u,coreinit,OSSignalSemaphore,functions
crispy-doom-u,coreinit,OSSleepTicks,functions
crispy-doom-u,coreinit,OSSwapAtomic,functions
crispy-doom-u,coreinit,OSTryWaitSemaphore,functions
crispy-doom-u,coreinit,OSUninterruptibleSpinLock_Acquire,functions
crispy-doom-u,coreinit,OSUninterruptibleSpinLock_Release,functions
crispy-doom-u,coreinit,OSUnlockMutex,functions
crispy-doom-u,coreinit,OSWaitCond,functions
crispy-doom-u,coreinit,_Exit,functions
crispy-doom-u,coreinit,__os_snprintf,functions
crispy-doom-u,coreinit,exit,functions
crispy-doom-u,gx2,GX2CalcDRCSize,functions
crispy-doom-u,gx2,GX2CalcFetchShaderSizeEx,functions
crispy-doom-u,gx2,GX2CalcSurfaceSizeAndAlignment,functions
crispy-doom-u,gx2,GX2CalcTVSize,functions
crispy-doom-u,gx2,GX2ClearColor,functions
crispy-doom-u,gx2,GX2CopyColorBufferToScanBuffer,functions
crispy-doom-u,gx2,GX2DrawDone,functions
crispy-doom-u,gx2,GX2DrawEx,functions
crispy-doom-u,gx2,GX2Flush,functions
crispy-doom-u,gx2,GX2GetLastSubmittedTimeStamp,functions
crispy-doom-u,gx2,GX2GetRetiredTimeStamp,functions
crispy-doom-u,gx2,GX2GetSwapInterval,functions
crispy-doom-u,gx2,GX2GetSystemDRCScanMode,functions
crispy-doom-u,gx2,GX2GetSystemTVScanMode,functions
crispy-doom-u,gx2,GX2Init,functions
crispy-doom-u,gx2,GX2InitColorBufferRegs,functions
crispy-doom-u,gx2,GX2InitFetchShaderEx,functions
crispy-doom-u,gx2,GX2InitSampler,functions
crispy-doom-u,gx2,GX2InitTextureRegs,functions
crispy-doom-u,gx2,GX2Invalidate,functions
crispy-doom-u,gx2,GX2RCreateBuffer,functions
crispy-doom-u,gx2,GX2RCreateSurface,functions
crispy-doom-u,gx2,GX2RCreateSurfaceUserMemory,functions
crispy-doom-u,gx2,GX2RDestroyBufferEx,functions
crispy-doom-u,gx2,GX2RDestroySurfaceEx,functions
crispy-doom-u,gx2,GX2RLockBufferEx,functions
crispy-doom-u,gx2,GX2RLockSurfaceEx,functions
crispy-doom-u,gx2,GX2RSetAllocator,functions
crispy-doom-u,gx2,GX2RSetAttributeBuffer,functions
crispy-doom-u,gx2,GX2RUnlockBufferEx,functions
crispy-doom-u,gx2,GX2RUnlockSurfaceEx,functions
crispy-doom-u,gx2,GX2SetAlphaTest,functions
crispy-doom-u,gx2,GX2SetBlendControl,functions
crispy-doom-u,gx2,GX2SetColorBuffer,functions
crispy-doom-u,gx2,GX2SetColorControl,functions
crispy-doom-u,gx2,GX2SetContextState,functions
crispy-doom-u,gx2,GX2SetCullOnlyControl,functions
crispy-doom-u,gx2,GX2SetDRCBuffer,functions
crispy-doom-u,gx2,GX2SetDRCEnable,functions
crispy-doom-u,gx2,GX2SetDRCScale,functions
crispy-doom-u,gx2,GX2SetDepthOnlyControl,functions
crispy-doom-u,gx2,GX2SetFetchShader,functions
crispy-doom-u,gx2,GX2SetLineWidth,functions
crispy-doom-u,gx2,GX2SetPixelSampler,functions
crispy-doom-u,gx2,GX2SetPixelShader,functions
crispy-doom-u,gx2,GX2SetPixelTexture,functions
crispy-doom-u,gx2,GX2SetPointSize,functions
crispy-doom-u,gx2,GX2SetScissor,functions
crispy-doom-u,gx2,GX2SetSwapInterval,functions
crispy-doom-u,gx2,GX2SetTVBuffer,functions
crispy-doom-u,gx2,GX2SetTVEnable,functions
crispy-doom-u,gx2,GX2SetTVScale,functions
crispy-doom-u,gx2,GX2SetVertexShader,functions
crispy-doom-u,gx2,GX2SetVertexUniformReg,functions
crispy-doom-u,gx2,GX2SetViewport,functions
crispy-doom-u,gx2,GX2SetupContextStateEx,functions
crispy-doom-u,gx2,GX2Shutdown,functions
crispy-doom-u,gx2,GX2SwapScanBuffers,functions
crispy-doom-u,gx2,GX2WaitTimeStamp,functions
crispy-doom-u,padscore,KPADInit,functions
crispy-doom-u,padscore,KPADReadEx,functions
crispy-doom-u,padscore,KPADShutdown,functions
crispy-doom-u,padscore,WPADEnableURCC,functions
crispy-doom-u,padscore,WPADEnableWiiRemote,functions
crispy-doom-u,padscore,WPADProbe,functions
crispy-doom-u,proc_ui,ProcUIDrawDoneRelease,functions
crispy-doom-u,proc_ui,ProcUIInShutdown,functions
crispy-doom-u,proc_ui,ProcUIInitEx,functions
crispy-doom-u,proc_ui,ProcUIIsRunning,functions
crispy-doom-u,proc_ui,ProcUIProcessMessages,functions
crispy-doom-u,proc_ui,ProcUIRegisterCallback,functions
crispy-doom-u,proc_ui,ProcUIShutdown,functions
crispy-doom-u,proc_ui,ProcUISubProcessMessages,functions
crispy-doom-u,sndcore2,AXAcquireVoice,functions
crispy-doom-u,sndcore2,AXDeregisterAppFrameCallback,functions
crispy-doom-u,sndcore2,AXFreeVoice,functions
crispy-doom-u,sndcore2,AXGetInputSamplesPerFrame,functions
crispy-doom-u,sndcore2,AXGetInputSamplesPerSec,functions
crispy-doom-u,sndcore2,AXGetVoiceLoopCount,functions
crispy-doom-u,sndcore2,AXGetVoiceOffsets,functions
crispy-doom-u,sndcore2,AXInit,functions
crispy-doom-u,sndcore2,AXInitWithParams,functions
crispy-doom-u,sndcore2,AXIsInit,functions
crispy-doom-u,sndcore2,AXQuit,functions
crispy-doom-u,sndcore2,AXRegisterAppFrameCallback,functions
crispy-doom-u,sndcore2,AXSetVoiceDeviceMix,functions
crispy-doom-u,sndcore2,AXSetVoiceEndOffset,functions
crispy-doom-u,sndcore2,AXSetVoiceLoopOffset,functions
crispy-doom-u,sndcore2,AXSetVoiceOffsets,functions
crispy-doom-u,sndcore2,AXSetVoiceSrcRatio,functions
crispy-doom-u,sndcore2,AXSetVoiceSrcType,functions
crispy-doom-u,sndcore2,AXSetVoiceState,functions
crispy-doom-u,sndcore2,AXSetVoiceType,functions
crispy-doom-u,sndcore2,AXSetVoiceVe,functions
crispy-doom-u,sndcore2,AXVoiceBegin,functions
crispy-doom-u,sndcore2,AXVoiceEnd,functions
crispy-doom-u,sysapp,SYSLaunchMenu,functions
crispy-doom-u,sysapp,SYSRelaunchTitle,functions
crispy-doom-u,vpad,VPADEnableGyroAccRevise,functions
crispy-doom-u,vpad,VPADGetTPCalibratedPoint,functions
crispy-doom-u,vpad,VPADInit,functions
crispy-doom-u,vpad,VPADRead,functions
crispy-doom-u,vpad,VPADShutdown,functions
flappy_bird_3d,coreinit,.fimport_coreinit,functions
flappy_bird_3d,coreinit,DCFlushRange,functions
flappy_bird_3d,coreinit,DCFlushRangeNoSync,functions
flappy_bird_3d,coreinit,DCInvalidateRange,functions
flappy_bird_3d,coreinit,DCStoreRange,functions
flappy_bird_3d,coreinit,DCStoreRangeNoSync,functions
flappy_bird_3d,coreinit,DCTouchRange,functions
flappy_bird_3d,coreinit,DCZeroRange,functions
flappy_bird_3d,coreinit,FSAddClient,functions
flappy_bird_3d,coreinit,FSBindMount,functions
flappy_bird_3d,coreinit,FSBindUnmount,functions
flappy_bird_3d,coreinit,FSChangeDir,functions
flappy_bird_3d,coreinit,FSChangeDirAsync,functions
flappy_bird_3d,coreinit,FSChangeMode,functions
flappy_bird_3d,coreinit,FSChangeModeAsync,functions
flappy_bird_3d,coreinit,FSCloseDir,functions
flappy_bird_3d,coreinit,FSCloseDirAsync,functions
flappy_bird_3d,coreinit,FSCloseFile,functions
flappy_bird_3d,coreinit,FSCloseFileAsync,functions
flappy_bird_3d,coreinit,FSDelClient,functions
flappy_bird_3d,coreinit,FSFlushFile,functions
flappy_bird_3d,coreinit,FSFlushFileAsync,functions
flappy_bird_3d,coreinit,FSGetClientNum,functions
flappy_bird_3d,coreinit,FSGetCwd,functions
flappy_bird_3d,coreinit,FSGetFreeSpaceSize,functions
flappy_bird_3d,coreinit,FSGetFreeSpaceSizeAsync,functions
flappy_bird_3d,coreinit,FSGetLastErrorCodeForViewer,functions
flappy_bird_3d,coreinit,FSGetMountSource,functions
flappy_bird_3d,coreinit,FSGetPosFile,functions
flappy_bird_3d,coreinit,FSGetPosFileAsync,functions
flappy_bird_3d,coreinit,FSGetStat,functions
flappy_bird_3d,coreinit,FSGetStatAsync,functions
flappy_bird_3d,coreinit,FSGetStatFile,functions
flappy_bird_3d,coreinit,FSGetStatFileAsync,functions
flappy_bird_3d,coreinit,FSGetVolumeState,functions
flappy_bird_3d,coreinit,FSInit,functions
flappy_bird_3d,coreinit,FSInitCmdBlock,functions
flappy_bird_3d,coreinit,FSMakeDir,functions
flappy_bird_3d,coreinit,FSMakeDirAsync,functions
flappy_bird_3d,coreinit,FSMount,functions
flappy_bird_3d,coreinit,FSOpenDir,functions
flappy_bird_3d,coreinit,FSOpenDirAsync,functions
flappy_bird_3d,coreinit,FSOpenFile,functions
flappy_bird_3d,coreinit,FSOpenFileAsync,functions
flappy_bird_3d,coreinit,FSReadDir,functions
flappy_bird_3d,coreinit,FSReadDirAsync,functions
flappy_bird_3d,coreinit,FSReadFile,functions
flappy_bird_3d,coreinit,FSReadFileAsync,functions
flappy_bird_3d,coreinit,FSReadFileWithPos,functions
flappy_bird_3d,coreinit,FSReadFileWithPosAsync,functions
flappy_bird_3d,coreinit,FSRemove,functions
flappy_bird_3d,coreinit,FSRemoveAsync,functions
flappy_bird_3d,coreinit,FSRename,functions
flappy_bird_3d,coreinit,FSRenameAsync,functions
flappy_bird_3d,coreinit,FSRewindDir,functions
flappy_bird_3d,coreinit,FSSetCmdPriority,functions
flappy_bird_3d,coreinit,FSSetPosFile,functions
flappy_bird_3d,coreinit,FSSetPosFileAsync,functions
flappy_bird_3d,coreinit,FSSetStateChangeNotification,functions
flappy_bird_3d,coreinit,FSShutdown,functions
flappy_bird_3d,coreinit,FSTruncateFile,functions
flappy_bird_3d,coreinit,FSTruncateFileAsync,functions
flappy_bird_3d,coreinit,FSUnmount,functions
flappy_bird_3d,coreinit,FSWriteFile,functions
flappy_bird_3d,coreinit,FSWriteFileAsync,functions
flappy_bird_3d,coreinit,FSWriteFileWithPos,functions
flappy_bird_3d,coreinit,FSWriteFileWithPosAsync,functions
flappy_bird_3d,coreinit,ICInvalidateRange,functions
flappy_bird_3d,coreinit,IOS_Close,functions
flappy_bird_3d,coreinit,IOS_Ioctl,functions
flappy_bird_3d,coreinit,IOS_IoctlAsync,functions
flappy_bird_3d,coreinit,IOS_Open,functions
flappy_bird_3d,coreinit,MCP_Close,functions
flappy_bird_3d,coreinit,MCP_DeleteTitleAsync,functions
flappy_bird_3d,coreinit,MCP_DeviceList,functions
flappy_bird_3d,coreinit,MCP_FullDeviceList,functions
flappy_bird_3d,coreinit,MCP_InstallGetInfo,functions
flappy_bird_3d,coreinit,MCP_InstallGetProgress,functions
flappy_bird_3d,coreinit,MCP_InstallGetTargetDevice,functions
flappy_bird_3d,coreinit,MCP_InstallSetTargetDevice,functions
flappy_bird_3d,coreinit,MCP_InstallSetTargetUsb,functions
flappy_bird_3d,coreinit,MCP_InstallTitleAbort,functions
flappy_bird_3d,coreinit,MCP_InstallTitleAsync,functions
flappy_bird_3d,coreinit,MCP_Open,functions
flappy_bird_3d,coreinit,MEMAddBlockHeapTracking,functions
flappy_bird_3d,coreinit,MEMAdjustExpHeap,functions
flappy_bird_3d,coreinit,MEMAdjustFrmHeap,functions
flappy_bird_3d,coreinit,MEMAllocFromBlockHeapAt,functions
flappy_bird_3d,coreinit,MEMAllocFromBlockHeapEx,functions
flappy_bird_3d,coreinit,MEMAllocFromExpHeapEx,functions
flappy_bird_3d,coreinit,MEMAllocFromFrmHeapEx,functions
flappy_bird_3d,coreinit,MEMAllocFromUnitHeap,functions
flappy_bird_3d,coreinit,MEMAppendListObject,functions
flappy_bird_3d,coreinit,MEMCalcHeapSizeForUnitHeap,functions
flappy_bird_3d,coreinit,MEMCountFreeBlockForUnitHeap,functions
flappy_bird_3d,coreinit,MEMCreateExpHeapEx,functions
flappy_bird_3d,coreinit,MEMCreateFrmHeapEx,functions
flappy_bird_3d,coreinit,MEMCreateUnitHeapEx,functions
flappy_bird_3d,coreinit,MEMDestroyBlockHeap,functions
flappy_bird_3d,coreinit,MEMDestroyExpHeap,functions
flappy_bird_3d,coreinit,MEMDestroyFrmHeap,functions
flappy_bird_3d,coreinit,MEMDestroyUnitHeap,functions
flappy_bird_3d,coreinit,MEMDumpHeap,functions
flappy_bird_3d,coreinit,MEMFindContainHeap,functions
flappy_bird_3d,coreinit,MEMFreeByStateToFrmHeap,functions
flappy_bird_3d,coreinit,MEMFreeToBlockHeap,functions
flappy_bird_3d,coreinit,MEMFreeToExpHeap,functions
flappy_bird_3d,coreinit,MEMFreeToFrmHeap,functions
flappy_bird_3d,coreinit,MEMFreeToUnitHeap,functions
flappy_bird_3d,coreinit,MEMGetAllocDirForMBlockExpHeap,functions
flappy_bird_3d,coreinit,MEMGetAllocModeForExpHeap,functions
flappy_bird_3d,coreinit,MEMGetAllocatableSizeForBlockHeapEx,functions
flappy_bird_3d,coreinit,MEMGetAllocatableSizeForExpHeapEx,functions
flappy_bird_3d,coreinit,MEMGetAllocatableSizeForFrmHeapEx,functions
flappy_bird_3d,coreinit,MEMGetArena,functions
flappy_bird_3d,coreinit,MEMGetBaseHeapHandle,functions
flappy_bird_3d,coreinit,MEMGetFillValForHeap,functions
flappy_bird_3d,coreinit,MEMGetGroupIDForExpHeap,functions
flappy_bird_3d,coreinit,MEMGetGroupIDForMBlockExpHeap,functions
flappy_bird_3d,coreinit,MEMGetNextListObject,functions
flappy_bird_3d,coreinit,MEMGetNthListObject,functions
flappy_bird_3d,coreinit,MEMGetPrevListObject,functions
flappy_bird_3d,coreinit,MEMGetSizeForMBlockExpHeap,functions
flappy_bird_3d,coreinit,MEMGetTotalFreeSizeForBlockHeap,functions
flappy_bird_3d,coreinit,MEMGetTotalFreeSizeForExpHeap,functions
flappy_bird_3d,coreinit,MEMGetTrackingLeftInBlockHeap,functions
flappy_bird_3d,coreinit,MEMInitBlockHeap,functions
flappy_bird_3d,coreinit,MEMInitList,functions
flappy_bird_3d,coreinit,MEMInsertListObject,functions
flappy_bird_3d,coreinit,MEMPrependListObject,functions
flappy_bird_3d,coreinit,MEMRecordStateForFrmHeap,functions
flappy_bird_3d,coreinit,MEMRemoveListObject,functions
flappy_bird_3d,coreinit,MEMResizeForMBlockExpHeap,functions
flappy_bird_3d,coreinit,MEMResizeForMBlockFrmHeap,functions
flappy_bird_3d,coreinit,MEMSetAllocModeForExpHeap,functions
flappy_bird_3d,coreinit,MEMSetBaseHeapHandle,functions
flappy_bird_3d,coreinit,MEMSetFillValForHeap,functions
flappy_bird_3d,coreinit,MEMSetGroupIDForExpHeap,functions
flappy_bird_3d,coreinit,MPDequeTask,functions
flappy_bird_3d,coreinit,MPDequeTasks,functions
flappy_bird_3d,coreinit,MPEnqueTask,functions
flappy_bird_3d,coreinit,MPGetTaskInfo,functions
flappy_bird_3d,coreinit,MPGetTaskQInfo,functions
flappy_bird_3d,coreinit,MPGetTaskUserData,functions
flappy_bird_3d,coreinit,MPInitTask,functions
flappy_bird_3d,coreinit,MPInitTaskQ,functions
flappy_bird_3d,coreinit,MPPrintTaskQStats,functions
flappy_bird_3d,coreinit,MPResetTaskQ,functions
flappy_bird_3d,coreinit,MPRunTask,functions
flappy_bird_3d,coreinit,MPRunTasksFromTaskQ,functions
flappy_bird_3d,coreinit,MPSetTaskUserData,functions
flappy_bird_3d,coreinit,MPStartTaskQ,functions
flappy_bird_3d,coreinit,MPStopTaskQ,functions
flappy_bird_3d,coreinit,MPTermTask,functions
flappy_bird_3d,coreinit,MPTermTaskQ,functions
flappy_bird_3d,coreinit,MPWaitTaskQ,functions
flappy_bird_3d,coreinit,MPWaitTaskQWithTimeout,functions
flappy_bird_3d,coreinit,OSAcquireSpinLock,functions
flappy_bird_3d,coreinit,OSAddAtomic64,functions
flappy_bird_3d,coreinit,OSAllocFromSystem,functions
flappy_bird_3d,coreinit,OSAndAtomic64,functions
flappy_bird_3d,coreinit,OSBlockMove,functions
flappy_bird_3d,coreinit,OSBlockSet,functions
flappy_bird_3d,coreinit,OSCalendarTimeToTicks,functions
flappy_bird_3d,coreinit,OSCancelAlarm,functions
flappy_bird_3d,coreinit,OSCancelAlarms,functions
flappy_bird_3d,coreinit,OSCancelThread,functions
flappy_bird_3d,coreinit,OSCheckActiveThreads,functions
flappy_bird_3d,coreinit,OSCheckThreadStackUsage,functions
flappy_bird_3d,coreinit,OSClearThreadStackUsage,functions
flappy_bird_3d,coreinit,OSCompareAndSwapAtomic64,functions
flappy_bird_3d,coreinit,OSCompareAndSwapAtomicEx64,functions
flappy_bird_3d,coreinit,OSConsoleWrite,functions
flappy_bird_3d,coreinit,OSContinueThread,functions
flappy_bird_3d,coreinit,OSCreateAlarm,functions
flappy_bird_3d,coreinit,OSCreateAlarmEx,functions
flappy_bird_3d,coreinit,OSCreateThread,functions
flappy_bird_3d,coreinit,OSDetachThread,functions
flappy_bird_3d,coreinit,OSDynLoad_Acquire,functions
flappy_bird_3d,coreinit,OSDynLoad_FindExport,functions
flappy_bird_3d,coreinit,OSDynLoad_GetAllocator,functions
flappy_bird_3d,coreinit,OSDynLoad_Release,functions
flappy_bird_3d,coreinit,OSDynLoad_SetAllocator,functions
flappy_bird_3d,coreinit,OSEffectiveToPhysical,functions
flappy_bird_3d,coreinit,OSEnableForegroundExit,functions
flappy_bird_3d,coreinit,OSExitThread,functions
flappy_bird_3d,coreinit,OSFastCond_Init,functions
flappy_bird_3d,coreinit,OSFastCond_Signal,functions
flappy_bird_3d,coreinit,OSFastCond_Wait,functions
flappy_bird_3d,coreinit,OSFastMutex_Init,functions
flappy_bird_3d,coreinit,OSFastMutex_Lock,functions
flappy_bird_3d,coreinit,OSFastMutex_TryLock,functions
flappy_bird_3d,coreinit,OSFastMutex_Unlock,functions
flappy_bird_3d,coreinit,OSFatal,functions
flappy_bird_3d,coreinit,OSFreeToSystem,functions
flappy_bird_3d,coreinit,OSGetActiveThreadLink,functions
flappy_bird_3d,coreinit,OSGetAlarmUserData,functions
flappy_bird_3d,coreinit,OSGetAtomic64,functions
flappy_bird_3d,coreinit,OSGetCoreCount,functions
flappy_bird_3d,coreinit,OSGetCoreId,functions
flappy_bird_3d,coreinit,OSGetCurrentThread,functions
flappy_bird_3d,coreinit,OSGetDefaultThread,functions
flappy_bird_3d,coreinit,OSGetMainCoreId,functions
flappy_bird_3d,coreinit,OSGetSemaphoreCount,functions
flappy_bird_3d,coreinit,OSGetStackPointer,functions
flappy_bird_3d,coreinit,OSGetSystemInfo,functions
flappy_bird_3d,coreinit,OSGetSystemMessageQueue,functions
flappy_bird_3d,coreinit,OSGetSystemTick,functions
flappy_bird_3d,coreinit,OSGetSystemTime,functions
flappy_bird_3d,coreinit,OSGetThreadAffinity,functions
flappy_bird_3d,coreinit,OSGetThreadName,functions
flappy_bird_3d,coreinit,OSGetThreadPriority,functions
flappy_bird_3d,coreinit,OSGetThreadSpecific,functions
flappy_bird_3d,coreinit,OSGetTick,functions
flappy_bird_3d,coreinit,OSGetTime,functions
flappy_bird_3d,coreinit,OSGetTitleID,functions
flappy_bird_3d,coreinit,OSInitAlarmQueue,functions
flappy_bird_3d,coreinit,OSInitAlarmQueueEx,functions
flappy_bird_3d,coreinit,OSInitCond,functions
flappy_bird_3d,coreinit,OSInitCondEx,functions
flappy_bird_3d,coreinit,OSInitCoroutine,functions
flappy_bird_3d,coreinit,OSInitEvent,functions
flappy_bird_3d,coreinit,OSInitEventEx,functions
flappy_bird_3d,coreinit,OSInitMessageQueue,functions
flappy_bird_3d,coreinit,OSInitMessageQueueEx,functions
flappy_bird_3d,coreinit,OSInitMutex,functions
flappy_bird_3d,coreinit,OSInitMutexEx,functions
flappy_bird_3d,coreinit,OSInitRendezvous,functions
flappy_bird_3d,coreinit,OSInitSemaphore,functions
flappy_bird_3d,coreinit,OSInitSemaphoreEx,functions
flappy_bird_3d,coreinit,OSInitSpinLock,functions
flappy_bird_3d,coreinit,OSInitThreadQueue,functions
flappy_bird_3d,coreinit,OSInitThreadQueueEx,functions
flappy_bird_3d,coreinit,OSIsMainCore,functions
flappy_bird_3d,coreinit,OSIsThreadSuspended,functions
flappy_bird_3d,coreinit,OSIsThreadTerminated,functions
flappy_bird_3d,coreinit,OSJoinThread,functions
flappy_bird_3d,coreinit,OSLoadCoroutine,functions
flappy_bird_3d,coreinit,OSLockMutex,functions
flappy_bird_3d,coreinit,OSOrAtomic64,functions
flappy_bird_3d,coreinit,OSPanic,functions
flappy_bird_3d,coreinit,OSPeekMessage,functions
flappy_bird_3d,coreinit,OSReceiveMessage,functions
flappy_bird_3d,coreinit,OSReleaseForeground,functions
flappy_bird_3d,coreinit,OSReleaseSpinLock,functions
flappy_bird_3d,coreinit,OSReport,functions
flappy_bird_3d,coreinit,OSResetEvent,functions
flappy_bird_3d,coreinit,OSResumeThread,functions
flappy_bird_3d,coreinit,OSRunThread,functions
flappy_bird_3d,coreinit,OSSaveCoroutine,functions
flappy_bird_3d,coreinit,OSSavesDone_ReadyToRelease,functions
flappy_bird_3d,coreinit,OSScreenClearBufferEx,functions
flappy_bird_3d,coreinit,OSScreenEnableEx,functions
flappy_bird_3d,coreinit,OSScreenFlipBuffersEx,functions
flappy_bird_3d,coreinit,OSScreenGetBufferSizeEx,functions
flappy_bird_3d,coreinit,OSScreenInit,functions
flappy_bird_3d,coreinit,OSScreenPutFontEx,functions
flappy_bird_3d,coreinit,OSScreenPutPixelEx,functions
flappy_bird_3d,coreinit,OSScreenSetBufferEx,functions
flappy_bird_3d,coreinit,OSSendMessage,functions
flappy_bird_3d,coreinit,OSSetAlarm,functions
flappy_bird_3d,coreinit,OSSetAlarmTag,functions
flappy_bird_3d,coreinit,OSSetAlarmUserData,functions
flappy_bird_3d,coreinit,OSSetAtomic64,functions
flappy_bird_3d,coreinit,OSSetExceptionCallback,functions
flappy_bird_3d,coreinit,OSSetExceptionCallbackEx,functions
flappy_bird_3d,coreinit,OSSetPeriodicAlarm,functions
flappy_bird_3d,coreinit,OSSetThreadAffinity,functions
flappy_bird_3d,coreinit,OSSetThreadCancelState,functions
flappy_bird_3d,coreinit,OSSetThreadCleanupCallback,functions
flappy_bird_3d,coreinit,OSSetThreadDeallocator,functions
flappy_bird_3d,coreinit,OSSetThreadName,functions
flappy_bird_3d,coreinit,OSSetThreadPriority,functions
flappy_bird_3d,coreinit,OSSetThreadRunQuantum,functions
flappy_bird_3d,coreinit,OSSetThreadSpecific,functions
flappy_bird_3d,coreinit,OSSetThreadStackUsage,functions
flappy_bird_3d,coreinit,OSSignalCond,functions
flappy_bird_3d,coreinit,OSSignalEvent,functions
flappy_bird_3d,coreinit,OSSignalEventAll,functions
flappy_bird_3d,coreinit,OSSignalSemaphore,functions
flappy_bird_3d,coreinit,OSSleepThread,functions
flappy_bird_3d,coreinit,OSSleepTicks,functions
flappy_bird_3d,coreinit,OSSuspendThread,functions
flappy_bird_3d,coreinit,OSSwapAtomic64,functions
flappy_bird_3d,coreinit,OSSwitchCoroutine,functions
flappy_bird_3d,coreinit,OSTestAndClearAtomic64,functions
flappy_bird_3d,coreinit,OSTestAndSetAtomic64,functions
flappy_bird_3d,coreinit,OSTestThreadCancel,functions
flappy_bird_3d,coreinit,OSTicksToCalendarTime,functions
flappy_bird_3d,coreinit,OSTryAcquireSpinLock,functions
flappy_bird_3d,coreinit,OSTryAcquireSpinLockWithTimeout,functions
flappy_bird_3d,coreinit,OSTryLockMutex,functions
flappy_bird_3d,coreinit,OSTryWaitSemaphore,functions
flappy_bird_3d,coreinit,OSUninterruptibleSpinLock_Acquire,functions
flappy_bird_3d,coreinit,OSUninterruptibleSpinLock_Release,functions
flappy_bird_3d,coreinit,OSUninterruptibleSpinLock_TryAcquire,functions
flappy_bird_3d,coreinit,OSUninterruptibleSpinLock_TryAcquireWithTimeout,functions
flappy_bird_3d,coreinit,OSUnlockMutex,functions
flappy_bird_3d,coreinit,OSWaitAlarm,functions
flappy_bird_3d,coreinit,OSWaitCond,functions
flappy_bird_3d,coreinit,OSWaitEvent,functions
flappy_bird_3d,coreinit,OSWaitEventWithTimeout,functions
flappy_bird_3d,coreinit,OSWaitRendezvous,functions
flappy_bird_3d,coreinit,OSWaitRendezvousWithTimeout,functions
flappy_bird_3d,coreinit,OSWaitSemaphore,functions
flappy_bird_3d,coreinit,OSWakeupThread,functions
flappy_bird_3d,coreinit,OSXorAtomic64,functions
flappy_bird_3d,coreinit,OSYieldThread,functions
flappy_bird_3d,coreinit,_Exit,functions
flappy_bird_3d,coreinit,__os_snprintf,functions
flappy_bird_3d,coreinit,exit,functions
flappy_bird_3d,gx2,.fimport_gx2,functions
flappy_bird_3d,gx2,GX2BeginDisplayListEx,functions
flappy_bird_3d,gx2,GX2CalcColorBufferAuxInfo,functions
flappy_bird_3d,gx2,GX2CalcDRCSize,functions
flappy_bird_3d,gx2,GX2CalcDepthBufferHiZInfo,functions
flappy_bird_3d,gx2,GX2CalcFetchShaderSizeEx,functions
flappy_bird_3d,gx2,GX2CalcGeometryShaderInputRingBufferSize,functions
flappy_bird_3d,gx2,GX2CalcGeometryShaderOutputRingBufferSize,functions
flappy_bird_3d,gx2,GX2CalcSurfaceSizeAndAlignment,functions
flappy_bird_3d,gx2,GX2CalcTVSize,functions
flappy_bird_3d,gx2,GX2CallDisplayList,functions
flappy_bird_3d,gx2,GX2ClearBuffersEx,functions
flappy_bird_3d,gx2,GX2ClearColor,functions
flappy_bird_3d,gx2,GX2ClearDepthStencilEx,functions
flappy_bird_3d,gx2,GX2CopyColorBufferToScanBuffer,functions
flappy_bird_3d,gx2,GX2CopyDisplayList,functions
flappy_bird_3d,gx2,GX2CopySurface,functions
flappy_bird_3d,gx2,GX2DirectCallDisplayList,functions
flappy_bird_3d,gx2,GX2DrawDone,functions
flappy_bird_3d,gx2,GX2DrawEx,functions
flappy_bird_3d,gx2,GX2DrawEx2,functions
flappy_bird_3d,gx2,GX2DrawIndexedEx,functions
flappy_bird_3d,gx2,GX2DrawIndexedEx2,functions
flappy_bird_3d,gx2,GX2DrawIndexedImmediateEx,functions
flappy_bird_3d,gx2,GX2EndDisplayList,functions
flappy_bird_3d,gx2,GX2Flush,functions
flappy_bird_3d,gx2,GX2GetAAMaskReg,functions
flappy_bird_3d,gx2,GX2GetAlphaTestReg,functions
flappy_bird_3d,gx2,GX2GetAlphaToMaskReg,functions
flappy_bird_3d,gx2,GX2GetBlendConstantColorReg,functions
flappy_bird_3d,gx2,GX2GetBlendControlReg,functions
flappy_bird_3d,gx2,GX2GetColorControlReg,functions
flappy_bird_3d,gx2,GX2GetContextStateDisplayList,functions
flappy_bird_3d,gx2,GX2GetCurrentDisplayList,functions
flappy_bird_3d,gx2,GX2GetDepthStencilControlReg,functions
flappy_bird_3d,gx2,GX2GetDisplayListWriteStatus,functions
flappy_bird_3d,gx2,GX2GetEventCallback,functions
flappy_bird_3d,gx2,GX2GetGeometryShaderGPRs,functions
flappy_bird_3d,gx2,GX2GetGeometryShaderStackEntries,functions
flappy_bird_3d,gx2,GX2GetLastFrame,functions
flappy_bird_3d,gx2,GX2GetLastFrameGamma,functions
flappy_bird_3d,gx2,GX2GetLastSubmittedTimeStamp,functions
flappy_bird_3d,gx2,GX2GetLineWidthReg,functions
flappy_bird_3d,gx2,GX2GetPixelShaderGPRs,functions
flappy_bird_3d,gx2,GX2GetPixelShaderStackEntries,functions
flappy_bird_3d,gx2,GX2GetPointLimitsReg,functions
flappy_bird_3d,gx2,GX2GetPointSizeReg,functions
flappy_bird_3d,gx2,GX2GetPolygonOffsetReg,functions
flappy_bird_3d,gx2,GX2GetRetiredTimeStamp,functions
flappy_bird_3d,gx2,GX2GetScissorReg,functions
flappy_bird_3d,gx2,GX2GetStencilMaskReg,functions
flappy_bird_3d,gx2,GX2GetSurfaceSwizzle,functions
flappy_bird_3d,gx2,GX2GetSwapInterval,functions
flappy_bird_3d,gx2,GX2GetSystemDRCMode,functions
flappy_bird_3d,gx2,GX2GetSystemDRCScanMode,functions
flappy_bird_3d,gx2,GX2GetSystemTVScanMode,functions
flappy_bird_3d,gx2,GX2GetTargetChannelMasksReg,functions
flappy_bird_3d,gx2,GX2GetVertexShaderGPRs,functions
flappy_bird_3d,gx2,GX2GetVertexShaderStackEntries,functions
flappy_bird_3d,gx2,GX2GetViewportReg,functions
flappy_bird_3d,gx2,GX2Init,functions
flappy_bird_3d,gx2,GX2InitAAMaskReg,functions
flappy_bird_3d,gx2,GX2InitAlphaTestReg,functions
flappy_bird_3d,gx2,GX2InitAlphaToMaskReg,functions
flappy_bird_3d,gx2,GX2InitBlendConstantColorReg,functions
flappy_bird_3d,gx2,GX2InitBlendControlReg,functions
flappy_bird_3d,gx2,GX2InitColorBufferRegs,functions
flappy_bird_3d,gx2,GX2InitColorControlReg,functions
flappy_bird_3d,gx2,GX2InitDepthBufferHiZEnable,functions
flappy_bird_3d,gx2,GX2InitDepthBufferRegs,functions
flappy_bird_3d,gx2,GX2InitDepthStencilControlReg,functions
flappy_bird_3d,gx2,GX2InitFetchShaderEx,functions
flappy_bird_3d,gx2,GX2InitLineWidthReg,functions
flappy_bird_3d,gx2,GX2InitPointLimitsReg,functions
flappy_bird_3d,gx2,GX2InitPointSizeReg,functions
flappy_bird_3d,gx2,GX2InitPolygonControlReg,functions
flappy_bird_3d,gx2,GX2InitPolygonOffsetReg,functions
flappy_bird_3d,gx2,GX2InitSampler,functions
flappy_bird_3d,gx2,GX2InitSamplerBorderType,functions
flappy_bird_3d,gx2,GX2InitSamplerClamping,functions
flappy_bird_3d,gx2,GX2InitSamplerDepthCompare,functions
flappy_bird_3d,gx2,GX2InitSamplerFilterAdjust,functions
flappy_bird_3d,gx2,GX2InitSamplerLOD,functions
flappy_bird_3d,gx2,GX2InitSamplerLODAdjust,functions
flappy_bird_3d,gx2,GX2InitSamplerRoundingMode,functions
flappy_bird_3d,gx2,GX2InitSamplerXYFilter,functions
flappy_bird_3d,gx2,GX2InitSamplerZMFilter,functions
flappy_bird_3d,gx2,GX2InitScissorReg,functions
flappy_bird_3d,gx2,GX2InitStencilMaskReg,functions
flappy_bird_3d,gx2,GX2InitTargetChannelMasksReg,functions
flappy_bird_3d,gx2,GX2InitTextureRegs,functions
flappy_bird_3d,gx2,GX2InitViewportReg,functions
flappy_bird_3d,gx2,GX2Invalidate,functions
flappy_bird_3d,gx2,GX2RBeginDisplayListEx,functions
flappy_bird_3d,gx2,GX2RBufferExists,functions
flappy_bird_3d,gx2,GX2RCallDisplayList,functions
flappy_bird_3d,gx2,GX2RCreateBuffer,functions
flappy_bird_3d,gx2,GX2RCreateBufferUserMemory,functions
flappy_bird_3d,gx2,GX2RCreateSurface,functions
flappy_bird_3d,gx2,GX2RCreateSurfaceUserMemory,functions
flappy_bird_3d,gx2,GX2RDestroyBufferEx,functions
flappy_bird_3d,gx2,GX2RDestroySurfaceEx,functions
flappy_bird_3d,gx2,GX2RDirectCallDisplayList,functions
flappy_bird_3d,gx2,GX2RDrawIndexed,functions
flappy_bird_3d,gx2,GX2REndDisplayList,functions
flappy_bird_3d,gx2,GX2RGetBufferAlignment,functions
flappy_bird_3d,gx2,GX2RGetBufferAllocationSize,functions
flappy_bird_3d,gx2,GX2RInvalidateBuffer,functions
flappy_bird_3d,gx2,GX2RInvalidateMemory,functions
flappy_bird_3d,gx2,GX2RInvalidateSurface,functions
flappy_bird_3d,gx2,GX2RIsUserMemory,functions
flappy_bird_3d,gx2,GX2RLockBufferEx,functions
flappy_bird_3d,gx2,GX2RLockSurfaceEx,functions
flappy_bird_3d,gx2,GX2RSetAllocator,functions
flappy_bird_3d,gx2,GX2RSetAttributeBuffer,functions
flappy_bird_3d,gx2,GX2RSetGeometryUniformBlock,functions
flappy_bird_3d,gx2,GX2RSetPixelUniformBlock,functions
flappy_bird_3d,gx2,GX2RSetVertexUniformBlock,functions
flappy_bird_3d,gx2,GX2RUnlockBufferEx,functions
flappy_bird_3d,gx2,GX2RUnlockSurfaceEx,functions
flappy_bird_3d,gx2,GX2SetAAMask,functions
flappy_bird_3d,gx2,GX2SetAAMaskReg,functions
flappy_bird_3d,gx2,GX2SetAlphaTest,functions
flappy_bird_3d,gx2,GX2SetAlphaTestReg,functions
flappy_bird_3d,gx2,GX2SetAlphaToMask,functions
flappy_bird_3d,gx2,GX2SetAlphaToMaskReg,functions
flappy_bird_3d,gx2,GX2SetAttribBuffer,functions
flappy_bird_3d,gx2,GX2SetBlendConstantColor,functions
flappy_bird_3d,gx2,GX2SetBlendConstantColorReg,functions
flappy_bird_3d,gx2,GX2SetBlendControl,functions
flappy_bird_3d,gx2,GX2SetBlendControlReg,functions
flappy_bird_3d,gx2,GX2SetClearDepth,functions
flappy_bird_3d,gx2,GX2SetClearDepthStencil,functions
flappy_bird_3d,gx2,GX2SetClearStencil,functions
flappy_bird_3d,gx2,GX2SetColorBuffer,functions
flappy_bird_3d,gx2,GX2SetColorControl,functions
flappy_bird_3d,gx2,GX2SetColorControlReg,functions
flappy_bird_3d,gx2,GX2SetContextState,functions
flappy_bird_3d,gx2,GX2SetCullOnlyControl,functions
flappy_bird_3d,gx2,GX2SetDRCBuffer,functions
flappy_bird_3d,gx2,GX2SetDRCEnable,functions
flappy_bird_3d,gx2,GX2SetDRCScale,functions
flappy_bird_3d,gx2,GX2SetDefaultState,functions
flappy_bird_3d,gx2,GX2SetDepthBuffer,functions
flappy_bird_3d,gx2,GX2SetDepthOnlyControl,functions
flappy_bird_3d,gx2,GX2SetDepthStencilControl,functions
flappy_bird_3d,gx2,GX2SetDepthStencilControlReg,functions
flappy_bird_3d,gx2,GX2SetEventCallback,functions
flappy_bird_3d,gx2,GX2SetFetchShader,functions
flappy_bird_3d,gx2,GX2SetGeometrySampler,functions
flappy_bird_3d,gx2,GX2SetGeometryShader,functions
flappy_bird_3d,gx2,GX2SetGeometryShaderInputRingBuffer,functions
flappy_bird_3d,gx2,GX2SetGeometryShaderOutputRingBuffer,functions
flappy_bird_3d,gx2,GX2SetGeometryTexture,functions
flappy_bird_3d,gx2,GX2SetGeometryUniformBlock,functions
flappy_bird_3d,gx2,GX2SetLineWidth,functions
flappy_bird_3d,gx2,GX2SetLineWidthReg,functions
flappy_bird_3d,gx2,GX2SetMaxTessellationLevel,functions
flappy_bird_3d,gx2,GX2SetMinTessellationLevel,functions
flappy_bird_3d,gx2,GX2SetPixelSampler,functions
flappy_bird_3d,gx2,GX2SetPixelShader,functions
flappy_bird_3d,gx2,GX2SetPixelTexture,functions
flappy_bird_3d,gx2,GX2SetPixelUniformBlock,functions
flappy_bird_3d,gx2,GX2SetPixelUniformReg,functions
flappy_bird_3d,gx2,GX2SetPointLimits,functions
flappy_bird_3d,gx2,GX2SetPointLimitsReg,functions
flappy_bird_3d,gx2,GX2SetPointSize,functions
flappy_bird_3d,gx2,GX2SetPointSizeReg,functions
flappy_bird_3d,gx2,GX2SetPolygonControl,functions
flappy_bird_3d,gx2,GX2SetPolygonControlReg,functions
flappy_bird_3d,gx2,GX2SetPolygonOffset,functions
flappy_bird_3d,gx2,GX2SetPolygonOffsetReg,functions
flappy_bird_3d,gx2,GX2SetPrimitiveRestartIndex,functions
flappy_bird_3d,gx2,GX2SetScissor,functions
flappy_bird_3d,gx2,GX2SetScissorReg,functions
flappy_bird_3d,gx2,GX2SetShaderModeEx,functions
flappy_bird_3d,gx2,GX2SetStencilMask,functions
flappy_bird_3d,gx2,GX2SetStencilMaskReg,functions
flappy_bird_3d,gx2,GX2SetStreamOutEnable,functions
flappy_bird_3d,gx2,GX2SetSurfaceSwizzle,functions
flappy_bird_3d,gx2,GX2SetSwapInterval,functions
flappy_bird_3d,gx2,GX2SetTVBuffer,functions
flappy_bird_3d,gx2,GX2SetTVEnable,functions
flappy_bird_3d,gx2,GX2SetTVScale,functions
flappy_bird_3d,gx2,GX2SetTargetChannelMasks,functions
flappy_bird_3d,gx2,GX2SetTargetChannelMasksReg,functions
flappy_bird_3d,gx2,GX2SetTessellation,functions
flappy_bird_3d,gx2,GX2SetVertexSampler,functions
flappy_bird_3d,gx2,GX2SetVertexShader,functions
flappy_bird_3d,gx2,GX2SetVertexTexture,functions
flappy_bird_3d,gx2,GX2SetVertexUniformBlock,functions
flappy_bird_3d,gx2,GX2SetVertexUniformReg,functions
flappy_bird_3d,gx2,GX2SetViewport,functions
flappy_bird_3d,gx2,GX2SetViewportReg,functions
flappy_bird_3d,gx2,GX2SetupContextStateEx,functions
flappy_bird_3d,gx2,GX2Shutdown,functions
flappy_bird_3d,gx2,GX2SwapScanBuffers,functions
flappy_bird_3d,gx2,GX2WaitForFlip,functions
flappy_bird_3d,gx2,GX2WaitForVsync,functions
flappy_bird_3d,gx2,GX2WaitTimeStamp,functions
flappy_bird_3d,nsysnet,.fimport_nsysnet,functions
flappy_bird_3d,nsysnet,accept,functions
flappy_bird_3d,nsysnet,bind,functions
flappy_bird_3d,nsysnet,connect,functions
flappy_bird_3d,nsysnet,freeaddrinfo,functions
flappy_bird_3d,nsysnet,gai_strerror,functions
flappy_bird_3d,nsysnet,get_h_errno,functions
flappy_bird_3d,nsysnet,getaddrinfo,functions
flappy_bird_3d,nsysnet,getaddrinfo_rs,functions
flappy_bird_3d,nsysnet,gethostbyaddr,functions
flappy_bird_3d,nsysnet,gethostbyname,functions
flappy_bird_3d,nsysnet,getnameinfo,functions
flappy_bird_3d,nsysnet,getpeername,functions
flappy_bird_3d,nsysnet,getsocklibopt,functions
flappy_bird_3d,nsysnet,getsockname,functions
flappy_bird_3d,nsysnet,getsockopt,functions
flappy_bird_3d,nsysnet,htonl,functions
flappy_bird_3d,nsysnet,htons,functions
flappy_bird_3d,nsysnet,inet_aton,functions
flappy_bird_3d,nsysnet,inet_ntoa,functions
flappy_bird_3d,nsysnet,inet_ntoa_r,functions
flappy_bird_3d,nsysnet,inet_ntop,functions
flappy_bird_3d,nsysnet,inet_pton,functions
flappy_bird_3d,nsysnet,listen,functions
flappy_bird_3d,nsysnet,ntohl,functions
flappy_bird_3d,nsysnet,ntohs,functions
flappy_bird_3d,nsysnet,recv,functions
flappy_bird_3d,nsysnet,recvfrom,functions
flappy_bird_3d,nsysnet,recvfrom_ex,functions
flappy_bird_3d,nsysnet,recvfrom_multi,functions
flappy_bird_3d,nsysnet,select,functions
flappy_bird_3d,nsysnet,send,functions
flappy_bird_3d,nsysnet,sendto,functions
flappy_bird_3d,nsysnet,sendto_multi,functions
flappy_bird_3d,nsysnet,sendto_multi_ex,functions
flappy_bird_3d,nsysnet,setsocklibopt,functions
flappy_bird_3d,nsysnet,setsockopt,functions
flappy_bird_3d,nsysnet,shutdown,functions
flappy_bird_3d,nsysnet,socket,functions
flappy_bird_3d,nsysnet,socket_lib_init,functions
flappy_bird_3d,nsysnet,socketclose,functions
flappy_bird_3d,proc_ui,.fimport_proc_ui,functions
flappy_bird_3d,proc_ui,ProcUICalcMemorySize,functions
flappy_bird_3d,proc_ui,ProcUIClearCallbacks,functions
flappy_bird_3d,proc_ui,ProcUIDrawDoneRelease,functions
flappy_bird_3d,proc_ui,ProcUIInForeground,functions
flappy_bird_3d,proc_ui,ProcUIInShutdown,functions
flappy_bird_3d,proc_ui,ProcUIInit,functions
flappy_bird_3d,proc_ui,ProcUIInitEx,functions
flappy_bird_3d,proc_ui,ProcUIIsRunning,functions
flappy_bird_3d,proc_ui,ProcUIProcessMessages,functions
flappy_bird_3d,proc_ui,ProcUISetSaveCallback,functions
flappy_bird_3d,proc_ui,ProcUIShutdown,functions
flappy_bird_3d,proc_ui,ProcUISubProcessMessages,functions
flappy_bird_3d,sndcore2,.fimport_sndcore2,functions
flappy_bird_3d,sndcore2,AXAcquireVoice,functions
flappy_bird_3d,sndcore2,AXAcquireVoiceEx,functions
flappy_bird_3d,sndcore2,AXCheckVoiceOffsets,functions
flappy_bird_3d,sndcore2,AXFreeVoice,functions
flappy_bird_3d,sndcore2,AXGetAuxCallback,functions
flappy_bird_3d,sndcore2,AXGetDRCVSMode,functions
flappy_bird_3d,sndcore2,AXGetDeviceFinalMixCallback,functions
flappy_bird_3d,sndcore2,AXGetDeviceMode,functions
flappy_bird_3d,sndcore2,AXGetInputSamplesPerFrame,functions
flappy_bird_3d,sndcore2,AXGetInputSamplesPerSec,functions
flappy_bird_3d,sndcore2,AXGetMaxVoices,functions
flappy_bird_3d,sndcore2,AXGetSwapProfile,functions
flappy_bird_3d,sndcore2,AXGetVoiceCurrentOffsetEx,functions
flappy_bird_3d,sndcore2,AXGetVoiceLoopCount,functions
flappy_bird_3d,sndcore2,AXGetVoiceOffsets,functions
flappy_bird_3d,sndcore2,AXInit,functions
flappy_bird_3d,sndcore2,AXInitProfile,functions
flappy_bird_3d,sndcore2,AXInitWithParams,functions
flappy_bird_3d,sndcore2,AXIsInit,functions
flappy_bird_3d,sndcore2,AXIsVoiceRunning,functions
flappy_bird_3d,sndcore2,AXQuit,functions
flappy_bird_3d,sndcore2,AXRegisterAppFrameCallback,functions
flappy_bird_3d,sndcore2,AXRegisterAuxCallback,functions
flappy_bird_3d,sndcore2,AXRegisterDeviceFinalMixCallback,functions
flappy_bird_3d,sndcore2,AXSetDRCVSDownmixBalance,functions
flappy_bird_3d,sndcore2,AXSetDRCVSLC,functions
flappy_bird_3d,sndcore2,AXSetDRCVSLimiter,functions
flappy_bird_3d,sndcore2,AXSetDRCVSLimiterThreshold,functions
flappy_bird_3d,sndcore2,AXSetDRCVSMode,functions
flappy_bird_3d,sndcore2,AXSetDRCVSOutputGain,functions
flappy_bird_3d,sndcore2,AXSetDRCVSSpeakerPosition,functions
flappy_bird_3d,sndcore2,AXSetDRCVSSurroundDepth,functions
flappy_bird_3d,sndcore2,AXSetDRCVSSurroundLevelGain,functions
flappy_bird_3d,sndcore2,AXSetDefaultMixerSelect,functions
flappy_bird_3d,sndcore2,AXSetDeviceCompressor,functions
flappy_bird_3d,sndcore2,AXSetDeviceLinearUpsampler,functions
flappy_bird_3d,sndcore2,AXSetDeviceUpsampleStage,functions
flappy_bird_3d,sndcore2,AXSetDeviceVolume,functions
flappy_bird_3d,sndcore2,AXSetVoiceAdpcm,functions
flappy_bird_3d,sndcore2,AXSetVoiceAdpcmLoop,functions
flappy_bird_3d,sndcore2,AXSetVoiceCurrentOffset,functions
flappy_bird_3d,sndcore2,AXSetVoiceDeviceMix,functions
flappy_bird_3d,sndcore2,AXSetVoiceEndOffset,functions
flappy_bird_3d,sndcore2,AXSetVoiceEndOffsetEx,functions
flappy_bird_3d,sndcore2,AXSetVoiceInitialTimeDelay,functions
flappy_bird_3d,sndcore2,AXSetVoiceLoop,functions
flappy_bird_3d,sndcore2,AXSetVoiceLoopOffset,functions
flappy_bird_3d,sndcore2,AXSetVoiceLoopOffsetEx,functions
flappy_bird_3d,sndcore2,AXSetVoiceOffsets,functions
flappy_bird_3d,sndcore2,AXSetVoicePriority,functions
flappy_bird_3d,sndcore2,AXSetVoiceRmtIIRCoefs,functions
flappy_bird_3d,sndcore2,AXSetVoiceSrc,functions
flappy_bird_3d,sndcore2,AXSetVoiceSrcRatio,functions
flappy_bird_3d,sndcore2,AXSetVoiceSrcType,functions
flappy_bird_3d,sndcore2,AXSetVoiceState,functions
flappy_bird_3d,sndcore2,AXSetVoiceType,functions
flappy_bird_3d,sndcore2,AXSetVoiceVe,functions
flappy_bird_3d,sndcore2,AXSetVoiceVeDelta,functions
flappy_bird_3d,vpad,.fimport_vpad,functions
flappy_bird_3d,vpad,VPADGetTPCalibratedPoint,functions
flappy_bird_3d,vpad,VPADInit,functions
flappy_bird_3d,vpad,VPADRead,functions
helloworld,coreinit,DCFlushRange,functions
helloworld,coreinit,FSAAddClient,functions
helloworld,coreinit,FSAChangeDir,functions
helloworld,coreinit,FSAChangeMode,functions
helloworld,coreinit,FSACloseDir,functions
helloworld,coreinit,FSACloseFile,functions
helloworld,coreinit,FSADelClient,functions
helloworld,coreinit,FSAFlushFile,functions
helloworld,coreinit,FSAGetDeviceInfo,functions
helloworld,coreinit,FSAGetFreeSpaceSize,functions
helloworld,coreinit,FSAGetStat,functions
helloworld,coreinit,FSAGetStatFile,functions
helloworld,coreinit,FSAInit,functions
helloworld,coreinit,FSAMakeDir,functions
helloworld,coreinit,FSAMount,functions
helloworld,coreinit,FSAOpenDir,functions
helloworld,coreinit,FSAOpenFileEx,functions
helloworld,coreinit,FSAReadDir,functions
helloworld,coreinit,FSAReadFile,functions
helloworld,coreinit,FSARemove,functions
helloworld,coreinit,FSARename,functions
helloworld,coreinit,FSARewindDir,functions
helloworld,coreinit,FSASetPosFile,functions
helloworld,coreinit,FSATruncateFile,functions
helloworld,coreinit,FSAUnmount,functions
helloworld,coreinit,FSAWriteFile,functions
helloworld,coreinit,MEMAllocFromDefaultHeap,data
helloworld,coreinit,MEMAllocFromDefaultHeapEx,data
helloworld,coreinit,MEMAllocFromExpHeapEx,functions
helloworld,coreinit,MEMAllocFromFrmHeapEx,functions
helloworld,coreinit,MEMFreeByStateToFrmHeap,functions
helloworld,coreinit,MEMFreeToDefaultHeap,data
helloworld,coreinit,MEMFreeToExpHeap,functions
helloworld,coreinit,MEMGetAllocatableSizeForExpHeapEx,functions
helloworld,coreinit,MEMGetBaseHeapHandle,functions
helloworld,coreinit,MEMRecordStateForFrmHeap,functions
helloworld,coreinit,OSCompareAndSwapAtomicEx,functions
helloworld,coreinit,OSEnableHomeButtonMenu,functions
helloworld,coreinit,OSFastMutex_Init,functions
helloworld,coreinit,OSFastMutex_Lock,functions
helloworld,coreinit,OSFastMutex_Unlock,functions
helloworld,coreinit,OSFatal,functions
helloworld,coreinit,OSGetCoreId,functions
helloworld,coreinit,OSGetCurrentThread,functions
helloworld,coreinit,OSGetSystemInfo,functions
helloworld,coreinit,OSGetThreadSpecific,functions
helloworld,coreinit,OSGetTime,functions
helloworld,coreinit,OSGetTitleID,functions
helloworld,coreinit,OSInitMutexEx,functions
helloworld,coreinit,OSInitSpinLock,functions
helloworld,coreinit,OSIsDebuggerInitialized,functions
helloworld,coreinit,OSIsDebuggerPresent,functions
helloworld,coreinit,OSLockMutex,functions
helloworld,coreinit,OSSavesDone_ReadyToRelease,functions
helloworld,coreinit,OSScreenClearBufferEx,functions
helloworld,coreinit,OSScreenEnableEx,functions
helloworld,coreinit,OSScreenFlipBuffersEx,functions
helloworld,coreinit,OSScreenGetBufferSizeEx,functions
helloworld,coreinit,OSScreenInit,functions
helloworld,coreinit,OSScreenPutFontEx,functions
helloworld,coreinit,OSScreenSetBufferEx,functions
helloworld,coreinit,OSScreenShutdown,functions
helloworld,coreinit,OSSetThreadCleanupCallback,functions
helloworld,coreinit,OSSetThreadSpecific,functions
helloworld,coreinit,OSSleepTicks,functions
helloworld,coreinit,OSTicksToCalendarTime,functions
helloworld,coreinit,OSUninterruptibleSpinLock_Acquire,functions
helloworld,coreinit,OSUninterruptibleSpinLock_Release,functions
helloworld,coreinit,OSUnlockMutex,functions
helloworld,coreinit,__os_snprintf,functions
helloworld,coreinit,exit,functions
helloworld,proc_ui,ProcUIDrawDoneRelease,functions
helloworld,proc_ui,ProcUIInitEx,functions
helloworld,proc_ui,ProcUIProcessMessages,functions
helloworld,proc_ui,ProcUIRegisterCallback,functions
helloworld,proc_ui,ProcUIShutdown,functions
helloworld,proc_ui,ProcUISubProcessMessages,functions
helloworld,sysapp,SYSRelaunchTitle,functions
snake,coreinit,DCStoreRange,functions
snake,coreinit,FSAddClient,functions
snake,coreinit,FSChangeDir,functions
snake,coreinit,FSChangeMode,functions
snake,coreinit,FSCloseDir,functions
snake,coreinit,FSCloseFile,functions
snake,coreinit,FSDelClient,functions
snake,coreinit,FSFlushFile,functions
snake,coreinit,FSGetMountSource,functions
snake,coreinit,FSGetPosFile,functions
snake,coreinit,FSGetStatFile,functions
snake,coreinit,FSInit,functions
snake,coreinit,FSInitCmdBlock,functions
snake,coreinit,FSMakeDir,functions
snake,coreinit,FSMount,functions
snake,coreinit,FSOpenDir,functions
snake,coreinit,FSOpenFile,functions
snake,coreinit,FSReadDir,functions
snake,coreinit,FSReadFile,functions
snake,coreinit,FSRemove,functions
snake,coreinit,FSRename,functions
snake,coreinit,FSRewindDir,functions
snake,coreinit,FSSetPosFile,functions
snake,coreinit,FSTruncateFile,functions
snake,coreinit,FSWriteFile,functions
snake,coreinit,MEMAllocFromDefaultHeap,data
snake,coreinit,MEMAllocFromDefaultHeapEx,data
snake,coreinit,MEMAllocFromExpHeapEx,functions
snake,coreinit,MEMAllocFromFrmHeapEx,functions
snake,coreinit,MEMCreateExpHeapEx,functions
snake,coreinit,MEMDestroyExpHeap,functions
snake,coreinit,MEMFreeByStateToFrmHeap,functions
snake,coreinit,MEMFreeToDefaultHeap,data
snake,coreinit,MEMFreeToExpHeap,functions
snake,coreinit,MEMFreeToFrmHeap,functions
snake,coreinit,MEMGetAllocatableSizeForFrmHeapEx,functions
snake,coreinit,MEMGetBaseHeapHandle,functions
snake,coreinit,MEMGetSizeForMBlockExpHeap,functions
snake,coreinit,MEMRecordStateForFrmHeap,functions
snake,coreinit,OSCancelAlarm,functions
snake,coreinit,OSCancelThread,functions
snake,coreinit,OSCreateAlarm,functions
snake,coreinit,OSCreateThread,functions
snake,coreinit,OSDetachThread,functions
snake,coreinit,OSEnableHomeButtonMenu,functions
snake,coreinit,OSGetAlarmUserData,functions
snake,coreinit,OSGetCoreId,functions
snake,coreinit,OSGetCurrentThread,functions
snake,coreinit,OSGetSemaphoreCount,functions
snake,coreinit,OSGetSystemInfo,functions
snake,coreinit,OSGetSystemTime,functions
snake,coreinit,OSGetThreadAffinity,functions
snake,coreinit,OSGetThreadPriority,functions
snake,coreinit,OSGetTime,functions
snake,coreinit,OSGetTitleID,functions
snake,coreinit,OSInitCond,functions
snake,coreinit,OSInitMutex,functions
snake,coreinit,OSInitSemaphore,functions
snake,coreinit,OSJoinThread,functions
snake,coreinit,OSLockMutex,functions
snake,coreinit,OSReport,functions
snake,coreinit,OSResumeThread,functions
snake,coreinit,OSSavesDone_ReadyToRelease,functions
snake,coreinit,OSSetAlarm,functions
snake,coreinit,OSSetAlarmUserData,functions
snake,coreinit,OSSetThreadAffinity,functions
snake,coreinit,OSSetThreadCleanupCallback,functions
snake,coreinit,OSSetThreadDeallocator,functions
snake,coreinit,OSSetThreadPriority,functions
snake,coreinit,OSSignalCond,functions
snake,coreinit,OSSignalSemaphore,functions
snake,coreinit,OSSleepTicks,functions
snake,coreinit,OSTicksToCalendarTime,functions
snake,coreinit,OSTryLockMutex,functions
snake,coreinit,OSTryWaitSemaphore,functions
snake,coreinit,OSUnlockMutex,functions
snake,coreinit,OSWaitCond,functions
snake,coreinit,OSWaitSemaphore,functions
snake,coreinit,exit,functions
snake,gx2,GX2CalcDRCSize,functions
snake,gx2,GX2CalcFetchShaderSizeEx,functions
snake,gx2,GX2CalcSurfaceSizeAndAlignment,functions
snake,gx2,GX2CalcTVSize,functions
snake,gx2,GX2ClearColor,functions
snake,gx2,GX2ClearDepthStencilEx,functions
snake,gx2,GX2CopyColorBufferToScanBuffer,functions
snake,gx2,GX2DrawDone,functions
snake,gx2,GX2DrawEx,functions
snake,gx2,GX2Flush,functions
snake,gx2,GX2GetSwapStatus,functions
snake,gx2,GX2GetSystemDRCScanMode,functions
snake,gx2,GX2GetSystemTVScanMode,functions
snake,gx2,GX2Init,functions
snake,gx2,GX2InitColorBufferRegs,functions
snake,gx2,GX2InitDepthBufferRegs,functions
snake,gx2,GX2InitFetchShaderEx,functions
snake,gx2,GX2InitSampler,functions
snake,gx2,GX2InitTextureRegs,functions
snake,gx2,GX2Invalidate,functions
snake,gx2,GX2RCreateBuffer,functions
snake,gx2,GX2RCreateSurface,functions
snake,gx2,GX2RCreateSurfaceUserMemory,functions
snake,gx2,GX2RDestroyBufferEx,functions
snake,gx2,GX2RDestroySurfaceEx,functions
snake,gx2,GX2RInvalidateSurface,functions
snake,gx2,GX2RLockBufferEx,functions
snake,gx2,GX2RLockSurfaceEx,functions
snake,gx2,GX2RSetAllocator,functions
snake,gx2,GX2RSetAttributeBuffer,functions
snake,gx2,GX2RUnlockBufferEx,functions
snake,gx2,GX2RUnlockSurfaceEx,functions
snake,gx2,GX2ResetGPU,functions
snake,gx2,GX2SetAlphaTest,functions
snake,gx2,GX2SetBlendControl,functions
snake,gx2,GX2SetColorBuffer,functions
snake,gx2,GX2SetColorControl,functions
snake,gx2,GX2SetContextState,functions
snake,gx2,GX2SetCullOnlyControl,functions
snake,gx2,GX2SetDRCBuffer,functions
snake,gx2,GX2SetDRCEnable,functions
snake,gx2,GX2SetDRCScale,functions
snake,gx2,GX2SetDepthBuffer,functions
snake,gx2,GX2SetDepthOnlyControl,functions
snake,gx2,GX2SetFetchShader,functions
snake,gx2,GX2SetLineWidth,functions
snake,gx2,GX2SetPixelSampler,functions
snake,gx2,GX2SetPixelShader,functions
snake,gx2,GX2SetPixelTexture,functions
snake,gx2,GX2SetPixelUniformReg,functions
snake,gx2,GX2SetPointSize,functions
snake,gx2,GX2SetScissor,functions
snake,gx2,GX2SetSwapInterval,functions
snake,gx2,GX2SetTVBuffer,functions
snake,gx2,GX2SetTVEnable,functions
snake,gx2,GX2SetTVScale,functions
snake,gx2,GX2SetVertexShader,functions
snake,gx2,GX2SetVertexUniformReg,functions
snake,gx2,GX2SetViewport,functions
snake,gx2,GX2SetupContextStateEx,functions
snake,gx2,GX2Shutdown,functions
snake,gx2,GX2SwapScanBuffers,functions
snake,gx2,GX2WaitForVsync,functions
snake,padscore,KPADInit,functions
snake,padscore,KPADReadEx,functions
snake,padscore,WPADEnableURCC,functions
snake,padscore,WPADProbe,functions
snake,proc_ui,ProcUIInitEx,functions
snake,proc_ui,ProcUIRegisterCallback,functions
snake,sndcore2,AXAcquireVoice,functions
snake,sndcore2,AXFreeVoice,functions
snake,sndcore2,AXGetInputSamplesPerFrame,functions
snake,sndcore2,AXGetInputSamplesPerSec,functions
snake,sndcore2,AXGetVoiceLoopCount,functions
snake,sndcore2,AXGetVoiceOffsets,functions
snake,sndcore2,AXInitWithParams,functions
snake,sndcore2,AXIsInit,functions
snake,sndcore2,AXQuit,functions
snake,sndcore2,AXRegisterAppFrameCallback,functions
snake,sndcore2,AXSetVoiceDeviceMix,functions
snake,sndcore2,AXSetVoiceEndOffset,functions
snake,sndcore2,AXSetVoiceLoopOffset,functions
snake,sndcore2,AXSetVoiceOffsets,functions
snake,sndcore2,AXSetVoiceSrcRatio,functions
snake,sndcore2,AXSetVoiceSrcType,functions
snake,sndcore2,AXSetVoiceState,functions
snake,sndcore2,AXSetVoiceType,functions
snake,sndcore2,AXSetVoiceVe,functions
snake,sndcore2,AXVoiceBegin,functions
snake,sndcore2,AXVoiceEnd,functions
snake,sysapp,SYSRelaunchTitle,functions
snake,vpad,VPADGetTPCalibratedPoint,functions
snake,vpad,VPADInit,functions
snake,vpad,VPADRead,functions
